:020000040800F2
:10000000D882012031030008D5720008ED5900089C
:100010008571000883140008EDAB000800000000A3
:100020000000000000000000000000007102000855
:10003000B71E000800000000CD020008C5790008C6
:100040004B0300084B0300084B0300084B03000858
:100050004B0300084B0300084B0300084B03000848
:100060004B0300084B0300084B0300084B03000838
:10007000E51A00084B0300084B0300084B03000877
:100080004B0300084B0300084B0300084B03000818
:1000900089140008991400084B0300084B0300085A
:1000A0004B0300084B0300084B0300084B030008F8
:1000B0004B0300084B0300084B0300084B030008E8
:1000C0004B0300084B0300084B0300082D78000881
:1000D0004B0300084B0300084B0300084B030008C8
:1000E0004B0300084B0300084B0300084B030008B8
:1000F0004B030008C17A00084B0300084B030008BB
:100100004B0300084B0300084B0300084B03000897
:100110004B0300084B0300084B0300084B03000887
:10012000F51A00084B030008051B0008151B000802
:100130004B0300084B0300084B0300084B03000867
:10014000A9140008B91400084B030008D97200086C
:100150004B0300084B0300084B0300084B03000847
:100160004B0300084B0300084B0300084B03000837
:100170004B0300084B0300084B030008000000007D
:100180004B0300084B03000800F002F800F060F891
:100190000AA090E8000C82448344AAF10107DA45E2
:1001A00001D100F055F8AFF2090EBAE80F0013F0D4
:1001B000010F18BFFB1A43F00103184778DA00005B
:1001C000B8DA00000A444FF0000C10F8013B13F0BD
:1001D000070408BF10F8014B1D1108BF10F8015BA0
:1001E000641E05D010F8016B641E01F8016BF9D193
:1001F00013F0080F1EBF10F8014BAD1C0C1B09D1EA
:100200006D1E58BF01F801CBFAD505E014F8016B5B
:1002100001F8016B6D1EF9D59142D6D370470000ED
:100220000023002400250026103A28BF78C1FBD8FF
:10023000520728BF30C148BF0B6070471FB50CF094
:100240005EFE9DE8030000F019FA1FBD10B510BD59
:1002500000F0A6FA1146FFF7F1FF0BF0C5F900F028
:10026000C4FA03B4FFF7F2FF03BC00F0F5FA000094
:100270002C4B19680868B0E8F04F80F30988BFF389
:100280006F8F4FF0000080F311887047000000006E
:1002900008480068006880F308884FF0000080F389
:1002A000148862B661B6BFF34F8FBFF36F8F00DF64
:1002B00000BF00BF08ED00E0DFF80C00016841F46A
:1002C00070010160704700BF88ED00E0EFF3098026
:1002D000BFF36F8F134B1A681EF0100F08BF20ED8D
:1002E000108A20E9F04F106009B44FF0500080F3FD
:1002F0001188BFF34F8FBFF36F8F0CF057F84FF09B
:10030000000080F3118809BC19680868B0E8F04F54
:100310001EF0100F08BFB0EC108A80F30988BFF3FD
:100320006F8F704704C10120EFF305807047000014
:100330000948804709480047FEE7FEE7FEE7FEE779
:10034000FEE7FEE7FEE7FEE7FEE7FEE704480549B5
:10035000054A064B70470000AD7A00088901000885
:10036000D8820020D8820120D8020120D8020120A2
:1003700070B5064600F066F9056806F10B0020F03E
:100380000704B4429CBF002070BD2B466A68BAB116
:100390001068A04210D304F1080188423CBF5068A5
:1003A000586007D35168101941601168091B01603A
:1003B00058601460101D70BD13465268002AE7D1C2
:1003C0002146284600F046F90028DED170BD53EAE8
:1003D000020C00F069802DE9F04B4FF00006002B75
:1003E0001FBFB3FA83F503FA05F424FA05F65E405D
:1003F00012BF1643B2FA82F502FA05F4C5F12005E0
:100400001EBF22FA05FC44EA0C04203556EA044CCF
:100410004FEA144418BF641C4FF000084FF0000965
:10042000904271EB030C39D3002919BFB1FA81F75F
:1004300001FA07F6B0FA80F700FA07F6C7F12007CD
:100440001EBF20FA07FC46EA0C062037B6FBF4FC78
:10045000A7EB0507103F07F01F0BCBF120060CFAA6
:100460000BFB2CFA06F644BFB3460026202FA4BF90
:100470005E464FF0000B5BEA060C08BF4FF0010B25
:1004800019EB0B09ABFB027C48EB0608C01B06FB13
:1004900002CC0BFB03CC71EB0C01C1E70B4602460F
:1004A00041464846BDE8F08B13B54FF000004FF0D1
:1004B0000001AFF30080BDE81C407047032A40F202
:1004C000308010F0030C00F0158011F8013BBCF1F6
:1004D000020F624498BF11F801CB00F8013B38BF0E
:1004E00011F8013BA2F1040298BF00F801CB38BF1C
:1004F00000F8013B11F0030300F02580083AC0F03A
:10050000088051F8043B083A51F804CBA0E80810E1
:10051000F5E7121D5CBF51F8043B40F8043BAFF314
:100520000080D20724BF11F8013B11F801CB48BF6E
:1005300011F8012B24BF00F8013B00F801CB48BFA4
:1005400000F8012B704710B5203AC0F00B80B1E8DD
:100550001850203AA0E81850B1E81850A0E81850F8
:10056000BFF4F5AF5FEA027C24BFB1E81850A0E801
:10057000185044BF18C918C0BDE810405FEA827C1B
:1005800024BF51F8043B40F8043B08BF7047D20732
:1005900028BF31F8023B48BF11F8012B28BF20F8D3
:1005A000023B48BF00F8012B70474FF000020429BE
:1005B000C0F0128010F0030C00F01B80CCF1040C92
:1005C000BCF1020F18BF00F8012BA8BF20F8022BC6
:1005D000A1EB0C0100F00DB85FEAC17C24BF00F86C
:1005E000012B00F8012B48BF00F8012B70474FF09A
:1005F000000200B5134694469646203922BFA0E873
:100600000C50A0E80C50B1F12001BFF4F7AF09077E
:1006100028BFA0E80C5048BF0CC05DF804EB89006F
:1006200028BF40F8042B08BF704748BF20F8022BB2
:1006300011F0804F18BF00F8012B704770477047CA
:10064000704700000048704784C20120704770471F
:100650007047704738B504460A4600206946AFF334
:100660000080002808BF38BD02460099204600F0EF
:1006700075F8012038BD012000F08AB8F8B5AFF355
:100680000080054600200C46102000BF0646A81931
:10069000A0420DD9324669460020AFF30080070022
:1006A00008BF00F075F80098A04218BF0546C419AD
:1006B000FFF7C8FF05600746F01D20F00700461948
:1006C000284600F00AF8B44208BFF8BDA21B314624
:1006D0003868BDE8F84000F041B800210160C0E989
:1006E000011070471020704770B50446051FFFF7D2
:1006F000A9FF0068002C14BF446870BD002C18BF0F
:10070000AC423CBF20466468F8D301680A18AA428C
:1007100018BF456003D12A68054611440160286866
:100720004119A1421CBF6C6070BD6168696021689D
:100730000844286070BD10B500F00CF8006810BDCA
:1007400010B5044600F006F8046010BD004870477C
:100750007CC20120004870477CC2012003464068EB
:100760008C46002818BF88423CBF03464068F8D337
:1007700018681844884207D00CF1030020F00700E5
:10078000001D411A521A0146081D0A60FFF7ACBF4E
:1007900010B500F039F8BDE8104000F02FB87047F0
:1007A0007546FFF7D3FFAE4605006946534620F075
:1007B0000700854618B020B5FFF7C8FDBDE820400A
:1007C0004FF000064FF000074FF000084FF0000B0D
:1007D00021F00701AC46ACE8C009ACE8C009ACE8C0
:1007E000C009ACE8C0098D46704710B50446AFF3A8
:1007F00000802046BDE81040FFF733BD002801D03F
:1008000000F02AB87047000010B5012805D000217B
:1008100003A000F027F8012010BD09A1F8E70000AF
:1008200053494752544D454D3A204F7574206F66D9
:100830002068656170206D656D6F72790000000041
:100840003A2048656170206D656D6F727920636F25
:10085000727275707465640001491820ABBEFEE7C2
:100860002600020070B505460C460A2000E06D1C0B
:1008700000F011F835B128780028F8D102E0641CA6
:1008800000F009F814B120780028F8D1BDE87040D4
:100890000A20AFF3008008B569468DF800000320F8
:1008A000ABBE08BD9FED221A9FED222A20EE010A61
:1008B000B5EE001A30EE010ABDEEC01A11EE100AB4
:1008C000B5EE400AF1EE10FAB8BF013801EE100A99
:1008D000B8EEC11A30EE410A20EE020ABDEEC01A8F
:1008E0009FED152A11EE100A002130EE021AB1EB2D
:1008F000502F4DF230411CBF0020B0EE410AC0F62F
:10090000000101EE100A01EB8001B8EE411A30EE51
:10091000410A91ED001A91ED012AB7EE003A33EE4B
:10092000403A23EE011A20EE020A31EE000A704727
:1009300083F9223E00000044000000C4B0B5B0F8C6
:1009400000C00B889C4553D145884B889D424FD1B0
:1009500013889C454CD153889D4249D143684968CE
:10096000506805FB0CFC0022B2EB9C0F30D04FEA24
:100970009C0200BF93ED000A91ED001A03F1100EE6
:1009800030EE010A80ED000A93ED010A91ED011AA3
:1009900001F1100430EE010A80ED010A93ED020A24
:1009A00091ED021A00F1100530EE010A80ED020A05
:1009B00093ED030A91ED031A013A30EE010A80ED3E
:1009C000030A734628462146D4D121462846734659
:1009D0001CF003020AD000BFB3EC010AB1EC011A0B
:1009E000013A30EE010AA0EC010AF5D1002000E046
:1009F000FD2040B2B0BD00002DE9F04F81B02DEDDB
:100A0000028B8EB0B0F800C0B0F802A0D44540F020
:100A10003A810B88FD229C4540F036814F88BB42CD
:100A200040F0328140689FEDB08ABCF1000F009029
:100A300000F031814C686FF0030000EB8C09002757
:100A400000266546CDF828C0204609940A98401B28
:100A500008D0B1002046FFF7CAFD3846013004F146
:100A60000404FBD304F1040BB5F101084FF07E50F0
:100A7000206012D0A9EB86015846FFF7B8FD01208F
:100A80005C4600BF0130854204F10404FAD101360E
:100A9000013FB8F1000F4546D8D1DDF828C0BCF1C0
:100AA000000F00F0F8804FEACA0004300290099865
:100AB000009900EB8A00C0F10009042000EB8A00D5
:100AC000ACF1010801EB8A054FEA8A03019001F1BC
:100AD000040B4FF0000E0F46564600200A460490C5
:100AE000039300BF0EFB0AF002EB800191ED000AB8
:100AF0000C910999B5EE400AF1EE10FA01EB800075
:100B00000D90CDF82080CDE906950B922ED10EF1F7
:100B1000010060450DD20020414600BF2A1892ED29
:100B2000000AB5EE400AF1EE10FA06D10139184478
:100B3000F4D10498012817D0D4E0A0EB09000021DB
:100B400057F82130146842F8043B47F8214001313E
:100B50008E42F5D10D9A51461368046840F8043B63
:100B6000013942F8044BF7D1012004900C99AAEB0B
:100B70000E0991ED008AB9F1010F4FF07E50086027
:100B80000DD00120594600BF91ED000A013080EEE2
:100B9000080A864281ED000A01F10401F4D10D99A1
:100BA0005046CDF814B000BF91ED000A013880EE38
:100BB000080AA1EC010AF7D1DDF82C800998A9F107
:100BC000010B0022654600BF724505D108EB890381
:100BD00000EB8A0036E000BF0C9998ED008A91ED99
:100BE000000ABBF1000F28EE000A38EE400A88ED3B
:100BF000000A17D00123042107EB010C08EB0104C4
:100C00009CED000A94ED001A28EE000A013331EE43
:100C1000400A9E4201F1040184ED000AECD108EB88
:100C2000010301E008F104030D9C5146B4EC011AE4
:100C300090ED000A28EE011A30EE410AA0EC010AFC
:100C40000139F3D103EB8E08013D02F10102BBD162
:100C5000079D02980B9ADDF820800544039BDDF880
:100C600018900198DDF814B0DDF828C00432013E78
:100C70000EF1010EA8F10108A9EB03090744834412
:100C80007FF430AF09E0FD2250B20EB0BDEC028B14
:100C900001B0BDE8F08F00200490B5EE408AF1EE7F
:100CA00010FA4FF00002EFD104980128ECD00AFBB3
:100CB0000CF14FF000004FF0000271B1009B00BF3B
:100CC00093ED000AB5EE400AF1EE10FA05D10132BB
:100CD000914203F10403F3D10A468A4208BF6FF040
:100CE0000400D2E7FB22CFE7000000002DE9F04F1F
:100CF00085B047880B889F4240F08480B0F800B0F0
:100D000013889B4540F07E80B1F802E053889E45F1
:100D100078D1D0F80480506849680190BC0827F069
:100D2000030008EB800604FB0EF09FED390A07F084
:100D3000030C029101EB00104FEA8E02002100909B
:100D4000CDE903E70198DDF808A0009B00EB8109DD
:100D5000B0EE401A5746404674B3554627464046C3
:100D6000B0EE401A95ED002A90ED003A154490ED52
:100D7000014A23EE022A95ED003A154490ED025AFD
:100D800031EE021A24EE032A95ED003A154490ED57
:100D9000036A31EE021A25EE032A95ED003A31EE90
:100DA000021A26EE032A31EE021A013F00F110006A
:100DB0001544D7D11F463046BCF1000F0CD0654614
:100DC00090ED002A97ED003A043022EE032A31EE2E
:100DD000021A013D1744F3D1A9EC011ABEF1010E2C
:100DE0000AF1040A03F10403B2D1DDF80CE0049F18
:100DF000714408EB8708BBF1010B06EB8706A1D114
:100E0000002000E0FD2040B205B0BDE8F08F00BF3B
:100E100000000000B0B5B0F800C00B889C4553D16D
:100E200045884B889D424FD113889C454CD15388AF
:100E30009D4249D143684968506805FB0CFC00227B
:100E4000B2EB9C0F30D04FEA9C0200BF93ED000A3A
:100E500091ED001A03F1100E30EE410A80ED000A08
:100E600093ED010A91ED011A01F1100430EE410AEF
:100E700080ED010A93ED020A91ED021A00F11005CE
:100E800030EE410A80ED020A93ED030A91ED031A58
:100E9000013A30EE410A80ED030A734628462146A6
:100EA000D4D12146284673461CF003020AD000BF65
:100EB000B3EC010AB1EC011A013A30EE410AA0ECA0
:100EC000010AF5D1002000E0FD2040B2B0BD0000D5
:100ED0002DE9F04FB0F800A04A88924545D14288EC
:100EE0000B889A4241D1D1F804C046684FEA920873
:100EF00002F003094FEA0A1E4FEA8A014FF0000B85
:100F0000624600BFB8F1000F1AD01546474600BF31
:100F1000336828462B6073680D444350B3686C18DF
:100F20006B50F56806F1100366186550013F06EB3B
:100F300001051E46ECD100EB0E071E4602E000BF85
:100F40000CEB8B07B9F1000F06D0484656F8043B6E
:100F500001383B600F44F9D10BF1010BBAF1010AE2
:100F600002F10402CED1002000E0FD2040B2BDE835
:100F7000F08F00009FED201A9FED202A20EE010A3D
:100F8000BDEEC01A11EE100AB5EE400AF1EE10FAED
:100F9000B8BF013801EE100AB8EEC11A30EE410AAE
:100FA00020EE020ABDEEC01A9FED152A11EE100ABE
:100FB000002130EE021AB1EB502F4DF230411CBF30
:100FC0000020B0EE410AC0F6000101EE100A01EB6C
:100FD0008001B8EE411A30EE410A91ED001A91ED10
:100FE000012AB7EE003A33EE403A23EE011A20EE22
:100FF000020A31EE000A704783F9223E00000044E5
:10100000000000C400BF01200AF034FBFBE7000031
:1010100010B501221021024802F01AF910BD00009B
:101020000000024010B500221021024802F010F921
:1010300010BD00000000024010B501221146024818
:1010400002F006F910BD00000004024010B50022B5
:101050000121024802F0FCF810BD0000000402402B
:1010600010B50446FFF7DEFF922000F04BF9062290
:101070009549122000F032F9FFF7CAFF92484078F4
:10108000000200B290490978084390490880084658
:10109000B0F9000000EE100AB8EEC00A8C48D0ED9E
:1010A000000A20EE200AD4ED080A20EE200A84ED82
:1010B000000A8548C078000200B283498978084355
:1010C000824908800846B0F9000000EE100AB8EE28
:1010D000C00A7F48D0ED000A20EE200AD4ED080AAD
:1010E00020EE200A84ED010A77484079000200B220
:1010F000754909790843754908800846B0F9000028
:1011000000EE100AB8EEC00A7148D0ED000A20EED9
:10111000200AD4ED080A20EE200A84ED020AFFF727
:1011200095FF08226849002000F0D8F8FFF784FFF7
:10113000654800780F284FD166480078F0B36248C0
:10114000C078000200B26049897808435F4908808E
:1011500094ED090A0846B0F9000000EE900AF8EE96
:10116000E00A5D4890ED001A10EE810A84ED030A52
:1011700055484079000200B2534909790843534960
:10118000088094ED0A0A0846B0F9000000EE900AC3
:10119000F8EEE00A504890ED001A10EE810A84ED56
:1011A000040A4948C079000200B2474989790843D6
:1011B0004649088094ED0B0A084600E00DE0B0F9BE
:1011C000000000EE900AF8EEE00A434890ED001AA5
:1011D00010EE810A84ED050A44E03B48C078000225
:1011E00000B2394989780843384908800846B0F97F
:1011F000000000EE100AB8EEC00A3748D0ED000A31
:1012000020EE200A84ED030A2F484079000200B244
:101210002D49097908432D4908800846B0F9000096
:1012200000EE100AB8EEC00A2B48D0ED000A20EEFE
:10123000200A84ED040A2448C079000200B2224941
:1012400089790843214908800846B0F9000000EE7A
:10125000100AB8EEC00A2048D0ED000A20EE200A9D
:1012600084ED050AFFF7DEFEA22000F04BF8022213
:101270001549222000F032F8FFF7CAFE1248007824
:10128000C0001149497840EA6110104908800846B9
:10129000B0F90000B0F5806F05DB08460088A0F5C6
:1012A000006000B208800948B0F9000000EE100AA2
:1012B000F8EEC00AB4EE001AB3EE070A00EE810A97
:1012C00084ED070A10BD0000EA010020F2010020B1
:1012D000AC010020BC010020B001002070B5064622
:1012E0000C46154646F0800000F00CF806E055204C
:1012F00000F008F82070641C681EC5B2002DF6D1FD
:1013000070BD000001B582B04FF47A70012301AACC
:1013100002A900900348006803F004FD9DF8040052
:101320000EBD0000F4010020D2ED020A92ED021A77
:10133000B6EE000A00EEC10AD2ED030A92ED031ADE
:1013400000EEC10AD0ED000A20EE200AD2ED010A1B
:1013500092ED021A60EE810A92ED001AD2ED031AA4
:1013600041EE610A90ED011A00EE810AD2ED010A08
:1013700092ED031A60EE810A92ED001AD2ED021A84
:1013800041EE210A90ED021A00EE810AF0EE000A09
:1013900020EE200A81ED000A92ED010AD2ED020A48
:1013A00020EE200AD2ED000A92ED031A00EE810A27
:1013B000D0ED000A60EE200A92ED011AD2ED011A7A
:1013C000B6EE000A01EE610AD2ED031A92ED032A8D
:1013D000B0EE401A01EEC21AD0ED011AB0EE600A6A
:1013E00001EE210AD2ED020A92ED031A60EE810AA3
:1013F00092ED001AD2ED011A41EE610A90ED021A47
:1014000000EE810AF0EE000A20EE200A81ED010ACA
:1014100092ED010AD2ED030A20EE200AD2ED000A75
:1014200092ED021A00EEC10AD0ED000A20EE200A69
:10143000D2ED020A92ED031A60EE810A92ED001AD3
:10144000D2ED011A41EE210A90ED011A00EE810A57
:1014500092ED011AD2ED011AF6EE000A41EE610A90
:1014600092ED021AD2ED021A41EE610A90ED021AD3
:1014700000EE810AF0EE000A20EE200A81ED020A59
:10148000704700BFFEE7000010B5024801F0ECF81D
:1014900010BD0000E4C1012010B5024801F0E4F8DD
:1014A00010BD0000E4C1012010B5024801F0DCF8D5
:1014B00010BD00000CC2012010B5024801F0D4F8A4
:1014C00010BD00000CC2012010B58AB004460120F6
:1014D000069000200790207F00F0010080F00100BE
:1014E00004900E200990606B4001019020680D4926
:1014F000884207D10C4800780B490978491C0A4AF0
:10150000117006E00948007808490978491C074A23
:1015100011700590012008902068694600F01AFFBC
:101520000AB010BDE4C1012015C0012016C0012081
:101530007CB505460E463AE06B46214A31462846C0
:1015400000F0ADFF00242EE01E4850F82400006893
:10155000A84227D11A4800681A4951F82410496B4B
:1015600088421FD1174850F82400D0F83900C0B184
:101570001348007C134951F8241081F838001049B1
:101580000A69104951F8241001F12C006946FEF750
:1015900095FF0C4A52F8240052F82420D2F8391052
:1015A00088477CBD641C084800788442CCD331460F
:1015B000284600F060FF0028BED100BFF1E7000020
:1015C00034090020F408002014C0012070B505463D
:1015D0002548007808B900F04BF823480078102817
:1015E00001DB002070BD002111E0204850F82100EF
:1015F00000682A68904208D11C4850F82100406BCE
:10160000AA68904201D10020ECE7481CC1B21648FC
:1016100000788142E9DB4120FEF7AAFE0446412121
:101620002046FEF7C2FF686860600021E16021612A
:1016300008216161286820606868E061A8686063CB
:10164000E868C4F839002869C4F83D002046FFF76F
:101650003BFF054801780078401C034A107003489E
:1016600040F821402046BDE714C00120F4080020C6
:1016700010B50B4801F0ABFA0221094800F0B0FDAB
:101680001021074800F0ACFD064801F0A0FA022145
:10169000044800F0A5FD1021024800F0A1FD10BD96
:1016A000E4C101200CC2012010B52DED028B0446CF
:1016B000B0EE408A00F008FBF0EE408A11E000F046
:1016C00003FB30EE680AB4EEC80AF1EE10FA08DD4A
:1016D00012480068401C114908600020BDEC028BD4
:1016E00010BD206800F0A5FF0028E8D000F0ECFA5B
:1016F00030EE680A0A4880ED000A206804F12003F1
:101700001A1D211D00F081FD30B104480068401C05
:10171000024908600020E1E70120DFE718C001204E
:101720001CC001200346042B15D007DC7BB1012B24
:101730000ED0022B0DD0032B12D10BE0202B0BD09F
:10174000212B0AD0222B09D0232B09D107E008E056
:1017500007E006E005E004E003E002E001E000E06D
:1017600000BF00BF002070470020704710B5002266
:101770000449054807F02FF80449034807F01CF80E
:10178000002010BDD4730020F8660020D46B002028
:1017900070B504460D462046296809F005F9214632
:1017A000034807F009F8024806F0D2FF002070BD98
:1017B000F866002010B503460C460021084610BD0F
:1017C0002DE9F04104460D4600260A48D0F8BC72C7
:1017D000D7F8140210B10120BDE8F0812A46214655
:1017E000044806F0F8FF034807F0A8F8064630461C
:1017F000F2E70000F866002000BF09F02FFC02208D
:1018000009F038FFF9E700002DE9F05F2DED028BBC
:101810004FF0000AAEE0664850F82A6006F11C045A
:1018200006F12805374695ED5E0AB0EE408A20792C
:10183000012803D1B1EE480AB0EE408AA07800F04A
:101840004000C8B12088402816D1A079012805D1D0
:10185000286890ED000AF0EE408A03E097ED040A54
:10186000F0EE408AF0EE480AB0EE680A05F58070A6
:1018700005F06AFEB0EE408AA07800F0080028B3B8
:10188000207800F0480008B3207A00F00A0030B158
:10189000A86890ED000A30EE080AB0EE408AE079C0
:1018A000012805D1686890ED000AF0EE408A03E057
:1018B00097ED020AF0EE408AF0EE480AB0EE680AB0
:1018C00005F1880005F040FEB0EE408A207A00F075
:1018D000010030B1E86890ED000A30EE080AB0EE81
:1018E000408AA07800F0010078B1B7F90C0000EE52
:1018F000900AF8EEE00AB0EE600AF0EE480A05F150
:10190000100005F021FEB0EE408A6079012805D173
:10191000BFEE000A28EE000AB0EE408ABDEEC80A0B
:1019200010EE100A0FFA80FB96F8AC8196F8AD9194
:10193000CBF3072108EB88101E4A1044243000F82E
:10194000191008EB88101146084424304FEA490169
:10195000491C00F801B096F8AF0148B908EB8811AE
:1019600011442431022202FB09101021FEF71DFE52
:101970000AF1010A104800788245FFF44CAF4FF09D
:10198000000A0DE00D4810F80A0038B10AEB8A1180
:10199000084A8818B7EE000AFFF786FE0AF1010A26
:1019A000BAF1060FEED3BDEC028BBDE8F09F00004C
:1019B0005C0900201D0000201C000020A301002065
:1019C000012180F8AF1170473EB505462F480078D9
:1019D0000C2801DD00203EBD4FF4E070FEF7C8FC8E
:1019E00004464FF4E0712046FEF701FE95F8000131
:1019F00084F8AE01D5F8F410E161D5F8F810216251
:101A0000D5F8FC00606205F13C0104F1380005F0F6
:101A10005DFE05F1680104F1B00005F057FE05F127
:101A2000940104F5947005F051FE2868A06269687D
:101A3000E162E9686163A968216305F58271204666
:101A400005F0A2FB12494FF488704151001D44512A
:101A500005F58270FFF7BAFDC4F8A8010D4A07CA60
:101A60008DE807000294684600F0F6F9C4F8B0016A
:101A70002046FFF7A5FF054801780078401C034A7F
:101A80001070054840F821402046A4E71C000020C3
:101A9000B91E0008A4CF00085C09002010B501465B
:101AA000002381F8AF31D1F8A8311B68034CA34261
:101AB00001D1012300E002231A4610BDE4C1012038
:101AC0008183704790ED040AD0ED060A30EE200ABB
:101AD00080ED060A704780ED680A7047002180F8A3
:101AE000AF11704710B5024801F0BCF810BD0000FE
:101AF0004C08002010B5024801F0B4F810BD0000F9
:101B00000C06002010B5024801F0ACF810BD000032
:101B1000EC07002010B5024801F0A4F810BD000049
:101B20006C0600200146087810381823B0FBF3F249
:101B30000848805CC865032A05D908686FF3090066
:101B4000001D886503E008686FF309008865886DEB
:101B50007047000084CF0008014600208A6A8B6924
:101B6000CBB932B1012A0DD0022A03D0032A10D1F9
:101B70000EE000BFCB6A03F08073B3F1807F00D129
:101B8000012007E0CB6AB3F1C07F00D1012001E062
:101B900000E000BF34E08B69B3F5005F1AD132B1C9
:101BA000012A07D0022A03D0032A11D10AE000BF7C
:101BB00001200EE0CB6A03F08073B3F1807F00D187
:101BC000012006E0CB6AB3F1C07F00D1012000E024
:101BD00000BF15E032B1012A05D0022A04D0032A41
:101BE0000CD103E000BF00BF012008E0CB6A03F086
:101BF0008073B3F1807F00D1012000E000BF00BFFF
:101C0000704730B50468246824F4802405682C608B
:101C1000046863608468402C04D10468A26004688E
:101C2000E16003E00468A1600468E26030BD000088
:101C300008B50E480078B8B901200C4908700C4866
:101C4000406800900B4900980968884204D20A480D
:101C50000068401C0849086005484068054908605C
:101C600000200249087000BF08BD000048C00120E4
:101C7000001000E038C0012034C0012010B52DED67
:101C8000028B82B004460E4840680190206801999A
:101C9000081A00EE100AF8EE400A0A4890ED000A11
:101CA000B8EE400A80EE801AB0EE418A01982060BA
:101CB000FFF7BEFFB0EE480A02B0BDEC028B10BDCC
:101CC000001000E028C0012010B52DED028B00F0BF
:101CD0005BF80F4880880E49096801EB4102C2EBAE
:101CE000C11100EBC10000EE100AB8EE400A08482E
:101CF000C08800EE900AF8EE600A9FED061A00EE2A
:101D0000810AB0EE408AB0EE480ABDEC028B10BDED
:101D100020C001206F12833A10B5044613480068B2
:101D200040F0807011490860002011494860084661
:101D3000006840F0010008600E4860430E490860EA
:101D4000084600684FF47A71B0FBF1F00B49086067
:101D5000094800680749B0FBF1F009490860002014
:101D600008490860FFF764FF10BD0000FCED00E0CB
:101D7000001000E040420F0028C001202CC00120CC
:101D800030C0012034C0012038B529484068009097
:101D9000FFF74EFF274800684FF0FF31A0FB0131ED
:101DA0000098181841F10001234A03C22348002378
:101DB0002149026803C9FEF70AFB214A03C22048F1
:101DC0000CC81E4800680024A2FB001503FB00504D
:101DD00002FB04021848D0E90030591A60EB0200F7
:101DE000184AC2E9001016480068174908601748E9
:101DF00000231449026803C9FEF7E9FA12498880F2
:101E0000084680881149096841430E48D0E90030EE
:101E1000591A60F100000E4AC2E900100D48002373
:101E20000B49026803C9FEF7D2FA0749C88038BDDA
:101E3000001000E034C0012040C0012028C0012073
:101E400050C0012058C0012020C001202CC001201A
:101E500060C0012030C0012070B504461020FEF79C
:101E600087FA0546002028606860A860E860A068DE
:101E7000E860208808B9642000E020882880606835
:101E80006860608808B9642000E060882881208844
:101E90002881054801780078401C034A10700348E7
:101EA00040F82150284670BDA9010020200A0020DA
:101EB00001880181704770472DE9F041074607F11D
:101EC0002C05D7F83D603446D6F8B001FFF7F0FF97
:101ED00006F5DA70FFF7D2FE86ED6E0A6088208084
:101EE0006878297840EA01206080608800EE100A56
:101EF000B8EE400ADFED300A20EE200A84ED010A38
:101F0000E878A97840EA012000B200EE100AB8EEA5
:101F1000C00ADFED2A0A20EE200AD4ED020A9FED66
:101F2000281A01EE200A84ED020A6879297940EA2C
:101F3000012000B200EE100AB8EEC00ADFED210A5F
:101F400020EE200AB4F90C0000EE900AF8EEE00A48
:101F50009FED1D1A01EE200ABDEEC00A10EE100A18
:101F600000B2A081A879A07360882188401AB0F5DA
:101F7000805F03DD6069401E606108E06088218841
:101F8000401A10F5805F02DA6069401C60614FF40E
:101F9000B4716069484300EE100AB8EEC00AD4ED8F
:101FA000010A30EE200AD4ED060A30EE600A84ED14
:101FB000040ABDE8F0810000ACFF333D3433A34098
:101FC0009899193E6666663FD0CCCC3DD2ED020AA8
:101FD00092ED021AB6EE000A00EEC10AD2ED030A33
:101FE00092ED031A00EEC10AD0ED000A20EE200A9D
:101FF000D2ED010A92ED021A60EE810A92ED001A0A
:10200000D2ED031A41EE210A90ED011A00EE810A89
:10201000D2ED010A92ED031A60EE810A92ED001AE8
:10202000D2ED021A41EE610A90ED021A00EE810A29
:10203000F0EE000A20EE200A81ED000A92ED010A7E
:10204000D2ED020A20EE200AD2ED000A92ED031A28
:1020500000EEC10AD0ED000A60EE200A92ED011AEE
:10206000D2ED011AB6EE000A01EE610AD2ED031AB2
:1020700092ED032AB0EE401A01EEC21AD0ED011A19
:10208000B0EE600A01EE210AD2ED020A92ED031AC7
:1020900060EE810A92ED001AD2ED011A41EE210A9A
:1020A00090ED021A00EE810AF0EE000A20EE200AFE
:1020B00081ED010A92ED010AD2ED030A20EE200A19
:1020C000D2ED000A92ED021A00EE810AD0ED000A6C
:1020D00020EE200AD2ED020A92ED031A60EE810A88
:1020E00092ED001AD2ED011A41EE610A90ED011A4B
:1020F00000EE810A92ED011AD2ED011AF6EE000A05
:1021000041EE610A92ED021AD2ED021A41EE610A25
:1021100090ED021A00EE810AF0EE000A20EE200A8D
:1021200081ED020A704772B600BFFEE73EB5054674
:1021300018480078FF2801DD00203EBD5C20FEF736
:1021400017F904465C212046FEF72FFAA889A4F867
:102150005300A87B84F855002869C4F85600A88A63
:10216000A4F85A00284606F05FF820600A4A07CA19
:102170008DE8070002946846FFF76EFE6060054830
:1021800001780078401C034A1070044840F8214050
:102190002046D2E7D3020020B8D100086C130020FB
:1021A000014600235B2253547047000070B50A4873
:1021B0000468001D0568001D0668344454B10822F7
:1021C0000649204604F025FA042204491031284625
:1021D00004F01FFA70BD0000107AFF1F36030020C4
:1021E00010B5024692F82030012B01D0022B06D107
:1021F00010684069084314686061002010BD506A8F
:1022000040F4802050620120F8E7F0B504460D4606
:102210001E4694F8207020688368A86800B900E022
:1022200000BF012F01D0022F7DD103F0806030B9B3
:1022300003F0006018B903F0805000287ED0C3F38B
:102240000161012088403060A86860B9B5F800C01D
:10225000E86840EA4C5C206800F5C07000EB0110B3
:10226000C0F800C00FE0D5E901C040EACC00D5F8C5
:102270000CC040EA0C00D4F800C00CF5C07C0CEB9C
:10228000011CCCF80000D5F810C0206800F5C07023
:1022900000EB0110C0F804C0287D01280ED1206891
:1022A00000F5C07000EB0110406840F4807C2068AD
:1022B00000F5C07000EB0110C0F804C0D079000632
:1022C00092F806C040EA0C4092F805C040EA0C20A3
:1022D00092F804C040EA0C00D4F800C00CF5C07CB1
:1022E0000CEB011CCCF80C00D078000692F802C070
:1022F00040EA0C4092F801C040EA0C2092F800C07D
:1023000040EA0C00D4F800C00CF5C07C0CEB011CBA
:10231000CCF80800206800F5C07000EB01100068E0
:1023200040F0010C01E00FE008E0206800F5C0700B
:1023300000EB0110C0F800C00020F0BD606A40F45E
:10234000001060620120F8E7606A40F4802060625B
:102350000120F2E7F0B504460A4694F82050012D1A
:1023600001D0022D7ED1424901F50071086840F08C
:1023700001000860086820F47C5008600868566A0C
:1023800040EA06200860107D00F01F06012000FAD8
:1023900006F3C8699843C861A1F50071D069C8B94E
:1023A000D1F80C029843C1F80C02908880B296894B
:1023B00040EA064601F51070576940F8376010880A
:1023C00080B2168940EA064601F51070576900EBA5
:1023D000C7004660D069012819D1D1F80C02184312
:1023E000C1F80C02908880B2168840EA064601F5D2
:1023F0001070576940F83760908980B2168940EABA
:10240000064601F51070576900EBC70046609069F9
:1024100028B9D1F804029843C1F8040204E0D1F8C5
:1024200004021843C1F80402106928B9D1F8140253
:102430009843C1F8140204E0D1F814021843C1F81B
:102440001402106A012804D1D1F81C021843C1F803
:102450001C02D1F8000220F00100C1F800020020A7
:10246000F0BDFFE7606A40F4802060620120F7E77A
:1024700000640040704710B50246002092F82030FA
:10248000012B01D0022B09D121B91468E46804F0B2
:10249000030003E01468246904F0030010BD70B564
:1024A000044694F82050012D01D0022D7DD151B960
:1024B0002068C06800F0030080B9606A40F4001032
:1024C0006062012070BD2068006900F0030028B937
:1024D000606A40F4001060620120F3E7206800F5B4
:1024E000D87000EB0110006800F004009060906864
:1024F00040B9206800F5D87000EB01100068400D6D
:10250000106007E0206800F5D87000EB011000684B
:10251000C0085060206800F5D87000EB011000681A
:1025200000F00200D060206800F5D87000EB0110C8
:10253000406800F00F00082802D30820106108E06E
:10254000206800F5D87000EB0110406800F00F0023
:102550001061206800F5D87000EB0110406800F4AD
:102560007F40000A9061206800F5D87000EB0110F0
:102570004068000C5061206800F5D87000EB011035
:1025800080681870206800F5D87000EB0110806832
:1025900000F47F40000A5870206800F5D87000EB06
:1025A0000110806800F47F0000E03CE0000C9870AF
:1025B000206800F5D87000EB01108068000ED8701C
:1025C000206800F5D87000EB0110C0681871206811
:1025D00000F5D87000EB0110C06800F47F40000ADD
:1025E0005871206800F5D87000EB0110C06800F445
:1025F0007F00000C9871206800F5D87000EB011086
:10260000C068000ED87131B92068C06840F0200061
:102610002668F06005E02068006940F02000266828
:10262000306100204EE7606A40F480206062012043
:1026300048E70146002091F82020012A01D0022A13
:1026400011D10B689B6803F0806303B1401C0B68D9
:102650009B6803F0006303B1401C0B689B6803F0A8
:10266000805303B1401C70472DE9F05F04460025FC
:10267000206846692068D0F8049020688768206840
:10268000D0F80CA02068D0F810B02068D0F81880DE
:1026900006F00100002855D007F00100C0B101206C
:1026A0002168886007F0020018B1204600F0BFFAE8
:1026B0000EE007F0040010B145F4006508E007F0F3
:1026C000080010B145F4805502E0204600F0AEFA53
:1026D00007F48070C8B14FF480702168886007F4F7
:1026E000007018B1204600F0A4FA0EE007F48060F4
:1026F00010B145F4005508E007F4006010B145F44E
:10270000804502E0204600F093FA07F48030C8B11B
:102710004FF480302168886007F4003018B12046FB
:1027200000F089FA0EE007F4802010B145F400456E
:1027300008E007F4002010B145F4803502E020469F
:1027400000F078FA06F0080038B10AF0100020B165
:1027500045F4007510202168C86006F0040040B1FF
:102760000AF0080028B108202168C860204600F05F
:102770001DFA06F0020038B12068C06800F00300BE
:1027800010B1204600F013FA06F0400038B10BF00B
:10279000100020B145F4806510202168086106F022
:1027A000200040B10BF0080028B108202168086122
:1027B000204600F003FA06F0100038B120680069E6
:1027C00000F0030010B1204600F0F9F906F40030E3
:1027D00040B109F0100028B110202168486020465F
:1027E00000F0F4F906F4803040B109F0080028B197
:1027F000082021684860204600F01EFA06F40040D8
:1028000088B309F0040078B306F4807020B108F0B2
:10281000010008B145F0010506F4007020B108F090
:10282000020008B145F0020506F4806020B108F00E
:10283000040008B145F0040506F40060A0B108F0FA
:10284000700088B108F07000402817D006DC10280E
:102850000BD020280CD0302819D10CE0502810D0F3
:10286000602814D110E01DE019E045F008050FE0E4
:1028700045F010050CE045F0200509E045F0400565
:1028800006E045F0800503E045F4807500E000BFF8
:1028900000BF2068806920F07000216888610420F2
:1028A000216848602DB1606A284360622046FFF7C6
:1028B000E1FDBDE8F09F70B504460CB9012070BD84
:1028C00094F8200010B9204600F0B0F820680068A5
:1028D00040F001002168086000F0C0FC05460DE0F2
:1028E00000F0BCFC401B0A2808D9606A40F40030A4
:1028F0006062052084F820000120E0E7206840683D
:1029000000F001000028EBD02068006820F00200F1
:102910002168086000F0A2FC05460DE000F09EFC76
:10292000401B0A2808D9606A40F400306062052024
:1029300084F820000120C2E72068406800F002000F
:102940000028EBD1207E012806D12068006840F0E5
:1029500080002168086005E02068006820F08000A1
:1029600021680860607E012806D12068006840F078
:1029700040002168086005E02068006820F0400001
:1029800021680860A07E012806D12068006840F018
:1029900020002168086005E02068006820F0200021
:1029A00021680860E07E012806D12068006820F0D8
:1029B00010002168086005E02068006840F0100001
:1029C00021680860207F012806D12068006840F057
:1029D00008002168086005E02068006820F0080011
:1029E00021680860607F012806D12068006840F0F7
:1029F00004002168086005E02068006820F00400F9
:102A000021680860D4E9020108432169084361692B
:102A100008436168491E08432168C861002060625C
:102A2000012084F82000002049E7000010B586B09E
:102A30000446142101A8FDF7DAFD564920688842B2
:102A400049D155480068401C534908600846006851
:102A500001280FD100BF002000905048006840F0CE
:102A600000704E4908600846006800F00070009051
:102A700000BF00BF00BF0020009048481038006829
:102A800040F008004549103908600846006800F029
:102A90000800009000BF00BF0320019002200290B8
:102AA00000200390032004900920059001A93C48D0
:102AB00000F0CCFA00220521142000F097FC14202D
:102AC00000F080FC00220521152000F08FFC15206D
:102AD00000F078FC5CE033492068884258D100BFA0
:102AE000002000902D48006840F080602B4908606D
:102AF0000846006800F08060009000BF00BF2648D4
:102B00000068401C244908600846006801280FD16D
:102B100000BF002000902148006840F000701F496D
:102B200008600846006800F00070009000BF00BF19
:102B300000BF0020009019481038006840F00200E3
:102B40001649103908600846006800F0020000903D
:102B500000BF00BF6020019002200290002003907F
:102B6000032004900920059001A90F4800F06EFA97
:102B700000220521402000F039FC402000F022FC1A
:102B800000220521412000F031FC412000F01AFC18
:102B900006B010BD0064004000C001204038024073
:102BA000000C02400068004000040240704710B56D
:102BB000044600212046FEF7BBFC10BD704710B54F
:102BC000044601212046FEF7B3FC10BD704770B5E6
:102BD000044694F82000012822D1022084F8200025
:102BE0002068006820F001002168086000F036FBD2
:102BF00005460DE000F032FB401B0A2808D9606A48
:102C000040F400306062052084F82000012070BD8F
:102C10002068406800F001000028EBD16062F6E710
:102C2000606A40F4002060620120F0E7704770475E
:102C300070477047704770477047014691F83500FC
:102C4000022803D08020486501207047052081F8C4
:102C500035000868006820F001000A681060002054
:102C6000F3E70000F8B50446002000908C480068A7
:102C70004FF41651B0FBF1F7A56D2E6894F85C1077
:102C800008208840304098B12068006800F00400B7
:102C900070B12068006820F004002168086094F892
:102CA0005C1008208840A860606D40F001006065FD
:102CB00094F85C1001208840304068B12068406979
:102CC00000F0800040B194F85C1001208840A860BA
:102CD000606D40F00200606594F85C10042088404C
:102CE000304068B12068006800F0020040B194F8FC
:102CF0005C1004208840A860606D40F004006065AE
:102D000094F85C1010208840304078B32068006848
:102D100000F0080050B394F85C1010208840A860C0
:102D20002068006800F4802080B12068006800F40A
:102D3000002028B9206CC8B12046216C884715E0D6
:102D4000A06C98B12046A16C88470FE0206800680D
:102D500000F4807028B92068006820F0080021681D
:102D60000860206C10B12046216C884794F85C10F4
:102D7000202088403040002865D02068006800F09E
:102D8000100000285FD094F85C1020208840A860D4
:102D900094F83500052828D12068006820F0160036
:102DA000216808602068406920F08000216848613F
:102DB000206C08B9A06C28B12068006820F00800D9
:102DC0002168086094F85C103F208840A8600120CA
:102DD00084F8350000BF002084F8340000BF206D67
:102DE00010B12046216D8847F8BD2068006800F4C6
:102DF000802080B12068006800F4002028B9606C51
:102E000010B12046616C88471DE0E06BD8B12046C8
:102E1000E16B884717E02068006800F4807068B9AB
:102E20002068006820F0100021680860012084F804
:102E3000350000BF002084F8340000BFE06B10B103
:102E40002046E16B8847606D38B3606D00F001008B
:102E5000F0B1052084F835002068006820F00100FA
:102E60002168086000BF0098401C0090B84200D95B
:102E700005E02068006800F001000028F3D100BFE1
:102E8000012084F8350000BF002084F8340000BF22
:102E9000E06C10B12046E16C884700BFA4E7000059
:102EA00010C001202DE9F0410446002500F0D6F9BC
:102EB000074614B90120BDE8F081606A00B100BF87
:102EC000022084F8350000BF002084F8340000BFE1
:102ED0002068006820F00100216808600AE000F026
:102EE000BDF9C01B052805D920206065032084F8A2
:102EF0003500E0E72068006800F001000028EED10E
:102F00002068056821480540D4E901010843E168CB
:102F100008432169084361690843A1690843E169DD
:102F20000843216A08430543606A042803D1D4E9B1
:102F30000B0108430543206805602068456925F0BA
:102F40000705606A0543606A04280DD1A06A05433D
:102F5000E06A48B12046FEF7FFFD28B140206065D9
:102F6000012084F83500A6E7206845612046FEF779
:102F7000D9FD064694F85C103F208840B0600020E0
:102F80006065012084F83500002094E73F8010F050
:102F90002DE9F04704460D4616461F464FF000083F
:102FA000D4F8589000BF94F83400012802D10220D0
:102FB000BDE8F087012084F8340000BF94F83500A4
:102FC000012825D1022084F83500002060653B46A9
:102FD000324629462046FEF714FE94F85C103F2046
:102FE0008840C9F808002068006840F01600216891
:102FF0000860206C28B12068006840F00800216853
:1030000008602068006840F001002168086006E060
:1030100000BF002084F8340000BF4FF00208404693
:10302000C6E7000070B5044600F018F906462546CC
:10303000681C10B104480078054400BF00F00EF988
:10304000801BA842FAD370BD0CC00120F8B502461F
:103050000B460025002400200021D6E0012606FAB8
:1030600001F51E6806EA0504AC4274D11E7906F02B
:103070000306012E04D01E7906F00306022E13D19A
:1030800090684F000326BE40B0434F00DE68BE404C
:1030900030439060506801268E40B0431E79C6F3DD
:1030A00000168E40304350601E7906F00306032E52
:1030B00009D0D0684F000326BE40B0434F009E6841
:1030C000BE403043D0601E7906F00306022E13D1B5
:1030D000CF0802F1200656F827004E07F70E0F26FC
:1030E000BE40B0434F07FF0E1E69BE403043CF08BD
:1030F00002F1200646F8270010684F000326BE4064
:10310000B0431E7906F003064F00BE403043106006
:103110005E6806F44036002E76D000BF002600968A
:103120003C4E366846F480463A4F3E603E4636682E
:1031300006F48046009600BF00BF374E8F0856F851
:1031400027008E07370F0F26BE40B043334EB242E2
:1031500002D1002624E057E0314EB24201D10126CF
:103160001EE0304EB24201D1022619E02E4EB2428C
:1031700001D1032614E02D4EB24201D104260FE006
:103180002B4EB24201D105260AE02A4EB24201D1AD
:10319000062605E0284EB24201D1072600E00826A7
:1031A0008F073F0FBE4030431B4E8F0846F8270065
:1031B000224E3068A0435E6806F4801606B12043B4
:1031C0001E4E3060361D3068A0435E6806F400165F
:1031D00006B12043194E361D3060184E361F306838
:1031E000A0435E6806F4003606B12043134E361F36
:1031F0003060361F3068A0435E6806F4803606B142
:1032000020430E4E083E3060491C1029FFF426AFC3
:10321000F8BD000044380240083801400000024078
:103220000004024000080240000C0240001002406E
:103230000014024000180240001C0240083C0140FB
:10324000024613690B400BB1012000E000207047DB
:103250000AB1816101E00B04836170470148006895
:103260007047000004C00120034800680349097842
:10327000084401490860704704C001200CC00120C7
:1032800010B50D48006840F400700B49086008460E
:10329000006840F4806008600846006840F4807070
:1032A0000860032000F0E0F80F2000F007F800F0BD
:1032B0005FF8002010BD0000003C02402DE9F04105
:1032C00088B004460027B84600BF0020019023487C
:1032D000006840F48070214908600846006800F4E6
:1032E0008070019000BF00BF02A903A801F064F83C
:1032F000069F1FB901F088F8054602E001F084F846
:1033000045001748B5FBF0F0A0F101081548164933
:10331000086040F2E7311448C160C0F80480002121
:1033200001618160816101F023FE064696B90E4875
:1033300001F06CFE06466EB92D2000F043F8102C0B
:1033400007D2002221462D2000F050F807480460E3
:1033500000E00126304608B0BDE8F0814038024068
:1033600040420F0000200040AC08002008C00120AF
:1033700008B500BF002000901148006840F480406C
:103380000F4908600846006800F48040009000BFC4
:1033900000BF00BF00200090081F006840F0805070
:1033A000091F08600846006800F08050009000BFC8
:1033B00000BF00220F21901E00F018F808BD000089
:1033C000443802400146084600280DDB00BF00BF1C
:1033D00000F01F0301229A4043099B0003F1E02300
:1033E000C3F8002100BF00BF00BF70472DE9F05FA8
:1033F00080460D461646002707F012FC0746394660
:103400002A46334601F00700C0F1070ABAF1040F5B
:1034100002D94FF0040A01E0C0F1070AD14600F1D9
:10342000040ABAF1070F02D24FF0000A01E0A0F13E
:10343000030AD4464FF0010A0AFA09FAAAF1010A6E
:103440000AEA020A0AFA0CFA4FF0010B0BFA0CFB1B
:10345000ABF1010B0BEA030B4AEA0B042146404691
:1034600007F0E6FBBDE8F09F00BF00F00702064B47
:1034700019684FF6FF031940044B0B4343EA02213E
:10348000014B196000BF70470CED00E00000FA0529
:10349000704702461068416200207047F0B503464D
:1034A00015461868446A21B944EA05401E68B062AE
:1034B00019E01868806A04EB1044002208E01868DC
:1034C00000F5827050F8220004EB1044501CC2B288
:1034D000481E9042F3D844EA0547186800F5827008
:1034E0004E1E40F826700020F0BD10B50446D4F8FA
:1034F000E00405F09EFE10BD70B504460D4605EBD8
:10350000C50304F1140101EB8301CA682946D4F80C
:10351000E00405F081FD70BD70B504460D4605EB75
:10352000C50304F5157101EB8301CA682946D4F877
:10353000E00405F0F9FD70BD10B50446D4F8E004D0
:1035400005F07AFE10BD2DE9F04104460D4605F068
:103550008000802808D105F00F0000EBC00104F1C5
:10356000140000EB810607E005F00F0000EBC0013E
:1035700004F5157000EB81063146206807F0B2F8BB
:1035800007463846BDE8F08170B504460E4606F0A1
:10359000800080280AD106F00F0000EBC00104F182
:1035A000140000EB81050120687009E006F00F00AF
:1035B00000EBC00104F5157000EB81050020687078
:1035C00006F00F00287000BF94F89404012801D180
:1035D000022070BD012084F8940400BF29462068B1
:1035E00006F00EFC00BF002084F8940400BF00BF6A
:1035F000EFE770B504460E4606F00F0021798842C9
:1036000001D9012070BD06F0800080280AD106F0A3
:103610000F0000EBC00104F1140000EB8105012054
:10362000687009E006F00F0000EBC00104F51570AA
:1036300000EB8105002068700020A87006F00F00E4
:10364000287000BF94F89404012801D10220D9E722
:10365000012084F8940400BF2946206806F0CEFDBE
:1036600000BF002084F8940400BF00BFCAE70246F0
:1036700001F00F0000EBC00302F5157000EB8300B2
:10368000406970472DE9F04705460E4690461F46B3
:103690004FF0000906F0800080280AD106F00F00E4
:1036A00000EBC00105F1140000EB81040120607003
:1036B00009E006F00F0000EBC00105F5157000EB06
:1036C00081040020607006F00F002070C8F30A002B
:1036D000A0602771607808B120786083022F01D143
:1036E0000020607100BF95F89404012802D10220E7
:1036F000BDE8F087012085F8940400BF21462868C2
:1037000006F08AFA00BF002085F8940400BF4846FE
:10371000EEE72DE9F04105460E461746984606F0BD
:103720000F0000EBC00105F5157000EB8104E760A8
:10373000C4F8108000206061607006F00F002070F7
:10374000A879012800D1E761AA792146286806F006
:10375000E9FD0020BDE8F08170B504460D4605F096
:103760000F002179884201D9012070BD05F0800049
:1037700080280AD105F00F0000EBC00104F114000D
:1037800000EB81060120707007E005EBC50104F530
:10379000157000EB8106002070700120B07005F0FC
:1037A0000F00307000BF94F89404012801D102206A
:1037B000DBE7012084F8940400BF3146206806F05E
:1037C00064FD05F00F0028B9A17904F29C4220683D
:1037D00006F0DCFC00BF002084F8940400BF00BFAA
:1037E000C3E72DE9F04105460E461746984606F018
:1037F0000F0000EBC00105F1140000EB8104E7604D
:10380000C4F81080002060610120607006F00F0095
:103810002070A879012800D1E761AA79214628689B
:1038200006F080FD0020BDE8F0812DE9FE4F044642
:10383000D4F800B05E46206807F036F8002874D14E
:10384000206807F07CF808B9BDE8FE8F40F6080054
:103850008059C0F30D20C4F8D404206807F06FF835
:1038600000F00200022805D12068406900F0020043
:1038700021684861206807F062F800F01000102805
:1038800045D12068806920F0100021688861DBF84C
:10389000209009F00F0000EBC00104F5157000EB5B
:1038A000810AC9F3434002281AD147F6F07009EAA9
:1038B000000030B3C9F30A125846DAF80C1007F0CA
:1038C00043F8C9F30A11DAF80C000844CAF80C00EE
:1038D000C9F30A11DAF814000844CAF8140010E019
:1038E000C9F3434006280CD1082204F29C415846F3
:1038F00007F02AF8C9F30A11DAF814000844CAF8E4
:1039000014002068806940F01000216888612068F8
:1039100007F015F800F40020B0F5002F7BD100254A
:10392000206806F0DCFF029072E0E1E2029800F00D
:103930000100002868D0E9B2206806F0F3FF804655
:1039400008F0010048B1012106F5306000EB451098
:1039500081602946204603F0F9FC08F00800082899
:1039600009D1082106F5306000EB45108160294639
:10397000204603F0B9FC08F01000102805D11021F2
:1039800006F5306000EB4510816008F00200022867
:1039900024D1DBF8140000F08000802807D140F625
:1039A0000400805940F4806140F60400815105EB29
:1039B000C50104F5157000EB810A9AF8030001288F
:1039C00006D100208AF80300E9B2204600F09BFAF5
:1039D000022106F5306000EB4510816008F0200000
:1039E000202805D1202106F5306000EB45108160CC
:1039F00008F40050B0F5005F06D14FF4005106F511
:103A0000306000EB451081606D1C02984008029008
:103A1000029800288AD1206806F091FF00F48020E7
:103A2000B0F5802F7DD1206806F04FFF0290002571
:103A30009AE0029800F00100002873D0E9B22068F3
:103A400006F057FF804608F00100F0B305F00F01C3
:103A500001208840019040F634008159019821EA04
:103A6000000040F634018851012106F5106000EB9A
:103A700045108160A079012824D105EBC50104F12E
:103A8000140000EB810005EBC502C16804F11400CD
:103A900000EB82008068014405EBC50204F11400CC
:103AA00000EB8200C1606DB905EBC50104F11400A3
:103AB00000EB8100006928B904F29C4201212068D2
:103AC00006F064FBE9B2204600E001E0FFF714FDD8
:103AD00008F00800082805D1082106F5106000EB61
:103AE0004510816008F01000102805D1102106F55E
:103AF000106000EB4510816008F04000402805D1BF
:103B0000402106F5106000EB4510816008F00200CE
:103B100002281DD12946584606F089FE05EBC5014D
:103B200001E025E01CE004F1140000EB810A9AF8A2
:103B30000300012806D100208AF80300E9B22046DC
:103B400000F0D8F9022106F5106000EB4510816005
:103B500008F08000802803D12946204603F098FC15
:103B60006D1C029840080290029800287FF461AF13
:103B7000206806F0E4FE00F00040B0F1004F1CD1D8
:103B800040F60400805920F0010140F60400815104
:103B900094F8CC04012807D1002084F8CC0400213B
:103BA0002046FFF775FC02E0204600F0D1FA2068BD
:103BB000406900F0004021684861206806F0BFFEBF
:103BC00000F40060B0F5006F0ED140F60800805997
:103BD00000F0010010B1204600F012FB206840699F
:103BE00000F4006021684861206806F0A8FE00F437
:103BF0008050B0F5805F7ED140F60400805920F0FF
:103C0000010140F6040081511021206806F00FFEEA
:103C1000002732E04FF67F3106F5106000EB4710C9
:103C2000816006F5106000EB4710006820F4001179
:103C300006F5106000EB471001604FF67F3106F586
:103C4000306000EB4710816006F5306000EB4710F4
:103C5000006820F4001106F5306000EB47100160A9
:103C600006F5306000EB4710006840F0006106F593
:103C7000306000EB471001607F1C2079B842C9D842
:103C800040F61C00805940F0011140F61C008151A3
:103C9000E07B70B1D6F8840840F00B01C6F88418B8
:103CA00040F64400805940F00B0140F64400815139
:103CB0000FE040F61400805942F22B01084340F611
:103CC00014018851081F805940F00B014FF4016026
:103CD0008151D6F8000820F4FE60C6F80008A179EA
:103CE00004F29C42206806F051FA2068406900F412
:103CF0008050216800E000E04861206806F01FFE67
:103D000000F40050B0F5005F17D1206805F0ECFF1B
:103D1000206806F0B6FDE07100F070FB0090E279DB
:103D20002068009906F0C0FE204600F0F9F92068EE
:103D3000406900F4005021684861206806F0FFFDEA
:103D400000F00800082808D1204600F008FA206892
:103D5000406900F0080021684861206806F0EFFD26
:103D600000F08000802818D1DBF8180020F08000D7
:103D7000CBF8180001250DE005EBC50104F5157021
:103D800000EB8100C078012803D1E9B22046FFF79B
:103D9000DAFB6D1C2079A842EED8206806F0CFFD32
:103DA00000F48010B0F5801F2DD1012522E006F52A
:103DB000106000EB4510D0F8009005EBC50104F150
:103DC000140000EB81000079012812D109F00040B5
:103DD000B0F1004F0DD1012105EBC50204F1140033
:103DE00000EB8200C170E8B240F080012046FFF78E
:103DF000AAFB6D1C2079A842D9D82068406900F43C
:103E0000801021684861206806F099FD00F40010D8
:103E1000B0F5001F44D1012538E006F5306000EB15
:103E20004510D0F8009005EBC50104F5157000EBC6
:103E300081000079012828D109F00040B0F1004F3D
:103E400023D194F8D40400F00100C9F30041884262
:103E50001BD1012105EBC50204F5157000EB8200B2
:103E6000C170DBF8180040F08000CBF81800DBF8D8
:103E7000140000F0800040B940F60400805940F47E
:103E8000007140F60400815103E06D1C2079A842C6
:103E9000C3D800BF2068406900F400102168486161
:103EA000206806F04CFD00F08040B0F1804F08D152
:103EB0002046FFF71AFB2068406900F08040216827
:103EC0004861206806F03BFD00F0040004280FD193
:103ED0002068D0F8049009F00400042802D120469C
:103EE000FFF72AFB2068406840EA09002168486023
:103EF00000BFA9E470B504460D462946D4F8E00495
:103F000005F006FA70BD70B504460D462946D4F892
:103F1000E00405F021FA70BDF8B504460CB90120A3
:103F2000F8BD266894F8950428B9002084F8940414
:103F3000204600F0A1F8032084F89504B6F1A04FC4
:103F400001D10021A171206806F018F9207C8DF8BC
:103F5000000094E80F0005F0DBFE20B1022084F899
:103F600095040120DCE70021206806F04BFD20B11C
:103F7000022084F895040120D2E7002531E00121D8
:103F800005EBC50204F1140000EB8200417005EB63
:103F9000C50104F1140000F8215005EBC50100EB48
:103FA00081004583002105EBC50204F1140000EBFC
:103FB0008200017105EBC50204F1140000EB8200E0
:103FC000816005EBC50204F1140000EB8200C160C2
:103FD00005EBC50204F1140000EB82000161681CCE
:103FE000C5B22079A842CADC00252AE0002105EBF1
:103FF000C50204F5157000EB8200417005EBC501A8
:1040000004F5157000F82150002105EBC50200EB06
:104010008200017105EBC50204F5157000EB82000A
:10402000816005EBC50204F5157000EB8200C160EC
:1040300005EBC50204F5157000EB82000161681CF8
:10404000C5B22079A842D1DC207C8DF8000094E82C
:104050000F0005F09FFF20B1022084F89504012095
:104060005EE700206074012084F89504206805F064
:104070007FFF002054E7000010B586B004461421ED
:1040800001A8FCF7B4FA2068B0F1A04F42D100BFFC
:10409000002000902048006840F001001E490860A0
:1040A0000846006800F00100009000BF00BF4FF418
:1040B000C050019002200290002003900320049041
:1040C0000A20059001A91548FEF7C0FF00BF12485D
:1040D000001D006840F080000F49091D086000BF06
:1040E000002000900C481430006840F480400A49D9
:1040F000143108600846006800F48040009000BF5A
:1041000000BF00BF002205214320FFF76FF94320C5
:10411000FFF758F906B010BD3038024000000240E9
:1041200070B504460125E07908B9002506E0E0797C
:10413000022801D1012501E0FDF7F5FF2946D4F859
:10414000E00405F0B3F9D4F8E00405F059F970BDC6
:1041500010B50446D4F8E00405F089F910BD10B597
:104160000446D4F8E00405F08DF910BD70B504469E
:104170000D4600BF94F89404012801D1022070BDBF
:10418000012084F8940400BF65742946206806F075
:104190006DFC00BF002084F8940400BF00BFEEE770
:1041A00010B5044604F29C41D4F8E00405F095F9FA
:1041B00010BD70B50446256800BF94F8940401282A
:1041C00001D1022070BD012084F8940400BFE8688A
:1041D00000F0400030B1607B012803D1A86B40F4AF
:1041E0008030A863206806F0F3FA206805F0AEFE80
:1041F00000BF002084F8940400BF00BFE2E7000085
:1042000010B50446D4F8E00405F0C4F92068D0F8ED
:10421000000E40F001002168C1F8000EE07A28B1DC
:104220000348006840F006000149086010BD000026
:1042300010ED00E070B504460D460CB9012070BDCC
:104240005848006800F00700A84209D255490D708F
:104250000846006800F00700A84201D00120EEE700
:10426000207800F0020002281DD1207800F0040020
:10427000042805D14C48006840F4E0504A490860E1
:10428000207800F00800082805D14748006840F46D
:104290006040454908604448006820F0F000A1688B
:1042A000084341490860207800F00100A8B3606825
:1042B000012807D13C4808380068C0F34040B8B92D
:1042C0000120BCE76068022802D06068032807D19B
:1042D000354808380068C0F3406048B90120AEE7AF
:1042E000314808380068C0F3400008B90120A6E74B
:1042F0002D48006820F00300616808432A490860DF
:10430000FEF7ACFF064609E0FEF7A8FF801B41F26E
:104310008831884202D9032091E707E022480068EB
:1043200000F00C006168B0EB810FEDD11D48006812
:1043300000F00700A84209D91A490D700846006824
:1043400000F00700A84201D0012078E7207800F0B3
:104350000400042807D11448006820F4E050E16804
:10436000084311490860207800F00800082808D1A7
:104370000D48006820F46040216940EAC1000A4904
:10438000086000F061F808490968C1F30311074AA1
:10439000515CC8400649086006480068FEF78EFF79
:1043A00000204CE7003C0240083802408CCF000857
:1043B00010C0012008C001200F2202600D4A1268BF
:1043C00002F0030242600B4A126802F0F0028260BF
:1043D000084A126802F4E052C260064A126802F407
:1043E0006042D2080261044A126802F007020A60C1
:1043F0007047000008380240003C02400148006855
:104400007047000010C0012000B5FFF7F7FF044916
:104410000968C1F38221034A515CC84000BD000015
:10442000083802409CCF000800B5FFF7E7FF0449B9
:104430000968C1F34231034A515CC84000BD000025
:10444000083802409CCF00082DE9F04700240025E1
:104450000026A1462548006800F00C0020B1042881
:1044600005D008283AD105E0DFF8849039E0DFF87C
:10447000849036E01D48001F006800F03F041B4890
:10448000001F006800F4800078B11A481749091F1E
:104490000968C1F38811A0FB017001462246002380
:1044A0003846FBF794FF05460EE011480F49091FF7
:1044B0000968C1F38811A0FB017001462246002360
:1044C0003846FBF784FF05460848001F0068C0F324
:1044D0000140401C4600B5FBF6F902E0DFF8109001
:1044E00000BF00BF4846BDE8F08700000838024022
:1044F0000024F40040787D01F8B504460CB9012091
:10450000F8BD207800F00100002874D0F948006858
:1045100000F00C0004280DD0F648006800F00C00F4
:10452000082813D1F348001F006800F48000B0F59C
:10453000800F0BD1EF4808380068C0F340400028D6
:1045400059D06068002856D10120D9E700BF6068C3
:10455000B0F5803F08D1E7480838006840F4803063
:10456000E449083908601EE06068B0F5A02F0DD15D
:10457000E0480838006840F48020DE4908390860C7
:104580000846006840F4803008600CE0D9480838DC
:10459000006820F48030D749083908600846006870
:1045A00020F48020086000BF606890B1FEF756FEDE
:1045B000054606E0FEF752FE401B642801D90320A1
:1045C0009EE7CC4808380068C0F340400028F1D08E
:1045D00011E0FEF743FE054606E0FEF73FFE401BF6
:1045E000642801D903208BE7C24808380068C0F36B
:1045F00040400028F1D1207800F0020002285FD16D
:10460000BC48006800F00C0058B1BA48006800F0DF
:104610000C0008281CD1B748001F006800F4800077
:10462000B0B9B44808380068C0F3400020B1E06871
:10463000012801D0012063E7AE480838006820F067
:10464000F800216940EAC100AA490839086037E04A
:10465000E06800B30120A8490860FEF7FFFD0546A9
:1046600006E0FEF7FBFD401B022801D9032047E7C7
:10467000A04808380068C0F340000028F1D09D48E9
:104680000838006820F0F800216940EAC100994923
:104690000839086014E0002097490860FEF7DEFD45
:1046A000054606E0FEF7DAFD401B022801D903208B
:1046B00026E7904808380068C0F340000028F1D190
:1046C000207800F0080008282CD16069A8B10120EA
:1046D0008A490860FEF7C2FD054606E0FEF7BEFD0A
:1046E000401B022801D903200AE782486C30006889
:1046F000C0F340000028F1D014E000207F4908609A
:10470000FEF7ACFD054606E0FEF7A8FD401B0228BB
:1047100001D90320F4E677486C300068C0F340000C
:104720000028F1D1207800F00400042870D100277F
:1047300070483830006800F0805090B900BF002009
:1047400000906C483830006840F08050694938313A
:1047500008600846006800F08050009000BF00BF6D
:1047600001276748006800F48070B0B964480068A9
:1047700040F4807062490860FEF770FD054606E06F
:10478000FEF76CFD401B022801D90320B8E65C4807
:10479000006800F480700028F2D000BFA0680128F3
:1047A00008D154486830006840F001005149683130
:1047B00008601DE0A06805280DD14E4868300068EB
:1047C00040F004004B49683108600846006840F03A
:1047D000010008600CE047486830006820F00100E4
:1047E0004449683108600846006820F00400086009
:1047F00000BFA068A8B1FEF731FD054609E0FEF74D
:104800002DFD401B41F28831884202D9032077E612
:1048100026E0384868300068C0F340000028EED039
:1048200013E0FEF71BFD054608E0FEF717FD401BF1
:1048300041F28831884201D9032061E62D48683071
:104840000068C0F340000028EFD1012F07D12948AC
:104850003830006820F0805026493831086000BFA9
:10486000A069002845D02348006800F00C00082803
:104870005DD0A069022845D100201F490866FEF7D7
:10488000EDFC054606E0FEF7E9FC401B022801D9D5
:10489000032035E6174808380068C0F34060002858
:1048A000F1D1D4E907010843616A40EA811101228C
:1048B000A06AC2EB500041EA00412C20005D41EAB1
:1048C00000600C49091F086001200B490866FEF7CB
:1048D000C5FC054606E0FEF7C1FC401B022801D9D5
:1048E00003200DE6034808380068C0F34060002844
:1048F000F1D049E00838024000004742800E4742AC
:1049000000700040002021490866FEF7A7FC05461C
:1049100006E0FEF7A3FC401B022801D90320EFE5C7
:104920001B480068C0F340600028F2D12CE0A06969
:10493000012800D1E4E51648001D0668A069012899
:1049400020D006F48001E06981421BD106F03F01CE
:10495000206A814216D147F6C0703040616AB0EBE0
:10496000811F0FD106F440310122A06AC2EB500032
:10497000B1EB004F06D106F070612C20005DB1EB69
:10498000006F01D00120BBE50020B9E500004742DF
:104990000038024070470000F8B5044620684668B9
:1049A00020688568C5F3801048B905F0010030B172
:1049B000C6F3801018B12046216C8847F8BDC5F3B6
:1049C000400030B1C6F3C01018B12046616C884772
:1049D000F4E7C5F3401030B9C5F3801018B9C5F33A
:1049E000002000287CD0C6F3401000287DD0C5F3FD
:1049F0008010F0B194F8510003280ED0606D40F0A3
:104A00000400606500BF002000902068C06800902E
:104A100020688068009000BF0BE000BF002000907D
:104A20002068C068009020688068009000BF00BFC8
:104A3000C4E7C5F3401088B1606D40F001006065C7
:104A400000BF002000902068806800902068006807
:104A500020F040002168086000BF00BFC5F30020BF
:104A600058B1606D40F00800606500BF0020009004
:104A700020688068009000BF00BF606D78B3206838
:104A8000406820F0E00021684860012084F851006F
:104A900006F00200022802D006F0010008B32068E8
:104AA000406820F0030021684860E06C50B1104875
:104AB000E16C0865E06CFEF7C0F818B1606D40F07D
:104AC00040006065A06C50B10948A16C0865A06CFD
:104AD000FEF7B3F818B1606D40F04000606503E088
:104AE00003E02046FFF756FF68E700BF66E70000D7
:104AF0003D78000810B504460CB9012010BD606A6D
:104B000038B96068B0F5827F00D105E00021E1612D
:104B100002E00021216161610021A16294F851004D
:104B200028B9002084F85000204600F047F8022001
:104B300084F851002068006820F040002168086077
:104B4000A08800F48270218901F404410843A189FE
:104B500001F400610843217C01F002010843217D3A
:104B600001F001010843218B01F400710843217F0A
:104B700001F0380108432021095D01F0800108435C
:104B8000218D01F400510843216808600421A069C7
:104B900001EA104094F8241001F010010843216844
:104BA00048602068C06920F400602168C861002066
:104BB0006065012084F8510000209FE710B586B0A1
:104BC0000446142101A8FBF712FD4F4920688842D2
:104BD0007ED100BF002000904C48006840F4805017
:104BE0004A4908600846006800F48050009000BF01
:104BF00000BF00BF0020009044481438006840F017
:104C000002004249143908600846006800F00200BA
:104C1000009000BF00BF00BF002000900846006861
:104C200040F0010008600846006800F001000090B4
:104C300000BF00BF182001900220029001200390C5
:104C4000032004900520059001A93148FEF7FEF9E4
:104C50008020019002200290012003900320049004
:104C60000520059001A92B48FEF7F0F92A482B49A9
:104C700008604FF0C0604860002128488160C16032
:104C80004FF480610161002141618161C161016274
:104C900004214162032181620021C1620163FEF7A8
:104CA00001F908B1FDF73FFA00BF1C48E0648463D6
:104CB00000BF194848301A4908604FF0C06048608A
:104CC0004021174881600021C1604FF4806100E0FD
:104CD00018E00161002141618161C16101624162AD
:104CE000FEF7E0F808B1FDF71EFA00BF0C48A0641B
:104CF000846300BF002205212320FEF777FB2320D9
:104D0000FEF760FB06B010BD0030014044380240A1
:104D10000004024000000240106402400C06002023
:104D20006C0600202DE9FE4F04460F4690461D46B6
:104D30000C9E01200190FEF791FA814694F851B043
:104D400060680290AA46BBF1010F0BD00298B0F543
:104D5000827F04D1A06810B9BBF1040F02D00220F9
:104D6000BDE8FE8F1FB1B8F1000F00D00DB90120D2
:104D7000F6E700BF94F85000012801D10220EFE7C8
:104D8000012084F8500000BF94F85100042802D09C
:104D9000052084F8510000206065C4F83880E5875C
:104DA000A5872763E586A58620646064206800687F
:104DB00000F04000402805D02068006840F0400026
:104DC00021680860E068B0F5006F52D1606810B1EA
:104DD000BAF1010F09D1206B00882168C860206BEF
:104DE000801C2063E08E401EE0863BE020688068E7
:104DF00000F00200022810D1E08E70B10198012865
:104E00000BD1206B00882168C860206B801C206358
:104E1000E08E401EE086002001902068806800F04F
:104E2000010068B1E08F58B12068C068A16B0880AC
:104E3000A06B801CA063E08F401EE08701200190E2
:104E4000FEF70CFAA0EB0900B0420BD3701C48B17E
:104E5000012084F8510000BF002084F8500000BFFA
:104E600003207DE7E08E0028C0D1E08F0028BDD16F
:104E700052E0606810B1BAF1010F09D1206B0078DF
:104E800021680873206B401C2063E08E401EE08682
:104E90003CE02068806800F00200022810D1E08E1B
:104EA00070B1019801280BD1206B0078216808733C
:104EB000206B401C2063E08E401EE08600200190A5
:104EC0002068806800F0010068B1E08F58B1206868
:104ED000C068A16B0870A06B401CA063E08F401EEF
:104EE000E08701200190FEF7B9F9A0EB0900B0427C
:104EF00001D3701C00B94EB9012084F8510000BFE5
:104F0000002084F8500000BF032029E7E08E00282D
:104F1000BFD1E08F0028BCD14A463146204602F07E
:104F200097FC40B12020606500BF002084F850004D
:104F300000BF012014E7A06850B900BF0020009016
:104F40002068C068009020688068009000BF00BFA3
:104F5000012084F8510000BF002084F8500000BFF9
:104F6000606D08B10120FBE60020F9E6704770474C
:104F700010B504460CB9012010BD94F83D0028B9C5
:104F8000002084F83C00204600F026F8022084F837
:104F90003D00211D206802F09BFD012084F84600A1
:104FA00000BF84F83E0001213F20015540200155FB
:104FB0004120015500BF00BF012084F8420043207A
:104FC0000155442001554520015500BF012084F8BA
:104FD0003D000020D0E7000008B50A4A0168914270
:104FE0000FD100BF002100910749096841F4003149
:104FF000054A11601146096801F40031009100BFB3
:1050000000BF08BD0044014044380240014691F809
:105010003D00012801D001207047022081F83D00A9
:105020000868C06840F001000B68D8601A4B086837
:1050300098421BD00868B0F1804F17D0174B086812
:10504000984213D0164B086898420FD0154B086849
:1050500098420BD0144B0868984207D0134B08684D
:10506000984203D0124B086898420CD108688068B7
:1050700000F00702062A0CD00868006840F0010022
:105080000B68186005E00868006840F001000B68D4
:1050900018600020C0E7000000000140000400404C
:1050A00000080040000C00400004014000400140A6
:1050B00000180040704770B504462068C568206835
:1050C000066906F00200022819D105F00200022844
:1050D00015D1401F21680861012020772068806970
:1050E00000F0030018B12046FFF7E4FF05E020467A
:1050F00000F0C8F8204600F07CF90020207706F088
:105100000400042819D105F00400042815D1C04377
:1051100021680861022020772068806900F44070CF
:1051200018B12046FFF7C6FF05E0204600F0AAF8B8
:10513000204600F05EF90020207706F008000828DD
:1051400019D105F00800082815D1C043216808616D
:10515000042020772068C06900F0030018B12046C1
:10516000FFF7A8FF05E0204600F08CF8204600F08D
:1051700040F90020207706F01000102819D105F022
:105180001000102815D1C04321680861082020773D
:105190002068C06900F4407018B12046FFF78AFF0C
:1051A00005E0204600F06EF8204600F022F90020CD
:1051B000207706F0010048B105F0010030B16FF032
:1051C000010021680861204600F014F906F0800013
:1051D000802809D105F08000802805D1C0432168CE
:1051E00008612046FFF7C2FE06F04000402809D1C2
:1051F00005F04000402805D1C043216808612046E1
:1052000000F004F906F02000202809D105F0200064
:10521000202805D1C043216808612046FFF7A7FE7A
:1052200070BD000010B586B00446142101A8FBF73C
:10523000DEF91149206888421CD100BF002000908F
:105240000E48006840F020000C49086008460068DD
:1052500000F02000009000BF00BF4020019002201D
:1052600002900020039004900320059001A90448B7
:10527000FDF7ECFE06B010BD00440140303802409E
:105280000014024070472DE9F04104460D461646D1
:10529000002700BF94F83C00012802D10220BDE89D
:1052A000F081012084F83C0000BF36B1042E1BD0F1
:1052B000082E31D00C2E5ED145E02946206802F040
:1052C00077FC2068806940F00800216888612068C8
:1052D000806920F00400216888612068806929695C
:1052E00008432168886148E02946206802F098FC5C
:1052F0002068806940F400602168886120688069C6
:1053000020F480602168886120688069296940EA0A
:1053100001202168886130E02946206802F0BEFC47
:105320002068C06940F008002168C8612068C06931
:1053300020F004002168C8612068C0692969084319
:105340002168C86119E02946206802F0E3FC206862
:10535000C06940F400602168C8612068C06920F419
:1053600080602168C8612068C069296940EA01201D
:105370002168C86101E0012700BF00BF00BF002015
:1053800084F83C0000BF384689E710B504460CB9E4
:10539000012010BD94F83D0028B9002084F83C009D
:1053A000204600F025F8022084F83D00211D2068E9
:1053B00002F08EFB012084F8460000BF84F83E0016
:1053C00001213F200155402001554120015500BFDA
:1053D00000BF012084F842004320015544200155BC
:1053E0004520015500BF012084F83D000020D0E792
:1053F0007047704710B5044603492068884201D1C0
:10540000FDF732FF10BD0000002000407047F8B5E6
:1054100004460D46164694F8420020282DD105B1C9
:105420000EB90120F8BD01202063002060633246E0
:105430002946204602F08CFE0746206B012819D130
:1054400000BF00200090206800680090206840683D
:10545000009000BF00BF00BF00BF21680C3151E8C1
:10546000001F41F0100021680C3141E80002002AC1
:10547000F3D100E001273846D4E70220D2E700004C
:1054800070B505460E4600243BE0214850F8240044
:10549000D0F80001A84232D11D4850F82400D0F8BD
:1054A000040158B11A4951F82410D1F80401804779
:1054B000174951F824003146FBF799F8144B53F87B
:1054C000243093F8FF20124B53F8241053F8243063
:1054D000D3F80001FFF79BFF0D4850F82400D0F8E7
:1054E0000001C06B0068006820F00800084951F80E
:1054F0002410D1F80011C96B0968086070BD601CE8
:10550000C4B2044800788442BFDB00BFF6E7000065
:10551000500900201000002070B50546002429E045
:10552000174850F82400D0F80001A84220D1144BAD
:1055300053F8243093F8FF20114B53F8241053F8FC
:105540002430D3F80001FFF762FF0D4850F8240023
:10555000D0F80001C06B0068006820F0080008491E
:1055600051F82410D1F80011C96B0968086070BDAA
:10557000601CC4B2034800788442D1DB00BFF6E768
:10558000500900201000002010B504460CB901207D
:1055900010BDA06900B100E000BF94F8410028B937
:1055A000002084F84000204600F02AF8242084F8E7
:1055B00041002068C06820F400502168C86020467F
:1055C00002F0B0FC2068006920F490402168086176
:1055D0002068406920F02A00216848612068C0687E
:1055E00040F400502168C86000206064202084F8E6
:1055F000410084F842000020606300BFC8E700005B
:1056000010B586B00446142101A8FAF7F0FF9C49B2
:10561000206888426DD100BF002000909948006842
:1056200040F01000974908600846006800F010003C
:10563000009000BF00BF00BF0020009091481438C8
:10564000006840F002008F4914390860084600687D
:1056500000F00200009000BF00BF00BF00200090DB
:105660000846006840F0010008600846006800F045
:105670000100009000BF00BF802001900220029036
:1056800000200390032004900720059001A97E4884
:10569000FDF7DCFC4FF40070019002200290002026
:1056A0000390032004900720059001A97748FDF797
:1056B000CDFC7748774908604FF0006048600021D2
:1056C00074488160C1604FF48061016100214161D3
:1056D00081614FF48071C161002101624162FDF777
:1056E000E1FB08B1FCF71FFD00BF6A48E06384637B
:1056F000C3E069492068884232D100BF0020009091
:105700006048001F006840F400305E49091F0860CF
:105710000846006800F40030009000BF00BF00BFE2
:105720000020009057481438006840F008005549A0
:10573000143908600846006800F00800009000BFB7
:1057400000BF6020019002200290002003900320FF
:1057500004900720059001A95048FDF777FC8CE0E4
:105760004F492068884253D100BF0020009045482F
:10577000001F006840F480204249091F0860084665
:10578000006800F48020009000BF00BF00BF002030
:1057900000903C481438006840F00400394914393E
:1057A00008600846006800F00400009000BF00BFD9
:1057B0004FF44060019002200290002003900320EB
:1057C00004900720059001A93648FDF73FFC3648B4
:1057D000364908604FF0006048600021334881601E
:1057E000C1604FF4806101610021416181614FF42A
:1057F0008071C1614902016200214162FDF752FBE3
:1058000008B1FCF790FC00BF2848E063846334E0F3
:1058100027492068884230D100BF002000901948F5
:10582000006840F02000174908600846006800F052
:105830002000009000BF00BF00BF00200090114872
:105840001438006840F040000E49143908600846DA
:10585000006800F04000009000BF00BF4FF484409B
:105860000190022002900020039003200490082061
:10587000059001A90F48FDF7E9FB06B010BD000037
:105880000010014044380240000402400000024081
:1058900040640240EC07002000440040000C02403D
:1058A0000048004000080240286002404C080020E8
:1058B00000140140001802407047704770B504465C
:1058C00000202074A37B484D2D8803FB05F26168FE
:1058D000D4F8F400FAF737FEA27B434B1B8802FB97
:1058E00003F16068FAF783FEA27B3F4B1B885A43A3
:1058F000A37B02FB03F1D4F81801FAF778FE227BB0
:10590000394B1B885A43A37B02FB03F1D4F80C01EB
:10591000FAF76DFE002031E0D4F8F41001EB8001BD
:1059200091ED000AB5EEC00AF1EE10FA24D0D4F8D9
:10593000F41001EB800191ED000A227CD4F8F41000
:1059400001EB820181ED000A227C616A8854A16921
:1059500001EB800191ED000A6169095C227B237CE7
:1059600012FB0311491ED4F80C2102EB810181EDD9
:10597000000A217C491C2174411CC8B2A17B8142D0
:10598000CADC002011E0626A125CE16901EB82016D
:1059900091ED000A227C00FB0202D4F8181101EB01
:1059A000820181ED000A411CC8B2217C8142EADCFF
:1059B000207CA4F87800217B7A200153207BA4F876
:1059C0008000217C82200153207CA4F89000217C5F
:1059D00092200153207BA4F89800217C9A20015347
:1059E000207CA4F8480070BDB8C0012000BFFEE7CD
:1059F000014909684863704734C2012070B52DED34
:105A0000088B86B004460D461646D4ED040ACA48F3
:105A100090ED001A30EEC10AF0EEC00A9FEDC70A01
:105A2000F4EEC00AF1EE10FA22DCD4ED050AC44807
:105A300090ED001A30EEC10AF0EEC00A9FEDBF0AE9
:105A4000F4EEC00AF1EE10FA12DCD4ED060ABD48FD
:105A500090ED001A30EEC10AF0EEC00A9FEDB70AD1
:105A6000F4EEC00AF1EE10FA02DC207800287DD0B6
:105A700094ED040ADFEDB40A80EE201AB0EE41BACC
:105A8000B0EE4B0AFAF70EFFF0EE408A94ED050AED
:105A9000DFEDAD0A80EE201AB0EE41BAB0EE4B0A4F
:105AA000FAF700FFF0EE40AA94ED060ADFEDA60A31
:105AB00080EE201AB0EE41BAB0EE4B0AFAF7F2FED1
:105AC000B0EE409A94ED040ADFED9F0A80EE201AB2
:105AD000B0EE41BAB0EE4B0AFBF74CFAB0EE40AA7A
:105AE00094ED050ADFED980A80EE201AB0EE41BA77
:105AF000B0EE4B0AFBF73EFAF0EE409A94ED060A40
:105B0000DFED910A80EE201AB0EE41BAB0EE4B0AFA
:105B1000FBF730FAB0EE408A68EE890A2AEE291ABD
:105B2000B0EE480A41EE000A8848C0ED000A2AEEAD
:105B30008A0A874880ED000AB0EE480A28EE800AFB
:105B400069EE0A0A00EEE90A824880ED000A68EE72
:105B5000A90AB0EE480A20EE800A09EE4A0A7E48F9
:105B600080ED000A28EEAA0A7C4800E021E080EDE2
:105B7000000AF1EE4A0AB0EE480A20EE800A68EE0A
:105B8000890A00EEE90A764880ED000AF1EE6A0A19
:105B9000B0EE480A20EE800A724880ED000A724892
:105BA000C0ED009A2AEE890A704880ED000A0020B4
:105BB0002070002011E005EB800191ED000A211D0D
:105BC00001EB8001D1ED000A20EE200A03A901EBD0
:105BD000800181ED000A411CC8B20328EBDB9DED7A
:105BE000030A5A48D0ED000A20EE200ADDED040A2F
:105BF000574890ED001A01EE200ADDED050A5548E0
:105C000090ED001A01EE200A85ED000A9DED030AD1
:105C10005148D0ED000A20EE200ADDED040A4F487D
:105C200090ED001A01EE200ADDED050A4C4890EDDA
:105C3000001A01EE200A85ED010A9DED030A49488C
:105C4000D0ED000A20EE200ADDED040A464890ED72
:105C5000001A01EE200ADDED050A444890ED001A15
:105C600001EE200A85ED020A00200AE006EB800121
:105C700091ED000A694601EB800181ED000A411CAB
:105C8000C8B20328F2DB9DED000A3048D0ED000ACF
:105C900020EE200ADDED010A2D4890ED001A01EEFC
:105CA000200ADDED020A2B4890ED001A01EE200AD1
:105CB00086ED000A9DED000A2748D0ED000A20EE8F
:105CC000200ADDED010A254890ED001A01EE200AB8
:105CD000DDED020A224890ED001A01EE200A86ED61
:105CE000010A9DED000A1F48D0ED000A20EE200AAF
:105CF000DDED010A1C4890ED001A01EE200ADDEDF1
:105D0000020A1A4890ED001A01EE200A86ED020AF6
:105D100094ED040A084880ED000A94ED050A08484D
:105D200080ED000A94ED060A064880ED000A06B0F0
:105D3000BDEC088B70BD000088C001206F12833A53
:105D40008CC0012090C00120E12E654294C001204A
:105D500098C001209CC00120A0C00120A4C0012047
:105D6000A8C00120ACC00120B0C00120B4C00120F7
:105D700010B52DED088BB0EE40AAF0EE60AAB0EEA3
:105D800041BAF0EE618AB0EE429AF0EE629AB0EE5D
:105D9000438AFE4880ED6F8A90ED580A3AEE400A39
:105DA00080ED5B0A90ED590A3AEEC00A80ED5C0A7C
:105DB00090ED5A0A3BEE400A80ED5D0A90ED5B0AD9
:105DC000F6EE000A20EE200A20EE080AF04880EDE8
:105DD000000AEE4890ED5C0AF6EE000A20EE200A7A
:105DE00020EE080AEB4880ED000AE84890ED5D0AD5
:105DF000F6EE000A20EE200A20EE080AE64880EDC2
:105E0000000AE2499022D1F80401E449FAF79BFB29
:105E1000DF4890ED000AB1EE400ADC48D0F80401FA
:105E200080ED010ADB4890ED000AB1EE400AD74848
:105E3000D0F8040180ED020AD74890ED000AB1EED7
:105E4000400AD248D0F8040180ED030AD04890ED12
:105E5000000ACE48D0F8040180ED060ACE4890ED45
:105E6000000ACA48D0F8040180ED080AC94890ED3C
:105E7000000AB1EE400AC548D0F8040180ED090AD5
:105E8000C44890ED000AC148D0F8040180ED0C0A26
:105E9000C14890ED000AB1EE400ABC48D0F80401B8
:105EA00080ED0D0ABA4890ED000AB848D0F8040118
:105EB00080ED0F0AB84890ED000AB448D0F804010C
:105EC00080ED120AB34890ED000AB048D0F8040102
:105ED00080ED130AAE4890ED000AB1EE400AAB48DF
:105EE000D0F8040180ED140AA848D0F84811D0F881
:105EF0004C01002359405840014306D1A348C0ED4E
:105F00005E8A80ED5F9AC0ED609AA04890ED5E0ACF
:105F1000D0ED640A60EE200A90ED6F0A90ED641AED
:105F200030EE011A80EE810AD0ED6F0A90ED641A0E
:105F300070EE810A90ED6F1A21EE281AC1EE201A38
:105F400030EE210A80ED5E0A90ED5F0AD0ED640A22
:105F500020EE200AD0ED6F0A90ED641A30EE811A1F
:105F6000C0EE010A90ED6F0A90ED641A30EE010A5E
:105F700090ED6F1A21EE091AC1EE001A30EEA10A57
:105F800080ED5F0A90ED600AD0ED640A20EE200AF1
:105F9000D0ED6F0A90ED641A30EE811AC0EE010A5E
:105FA00090ED6F0A90ED641A30EE010A90ED6F1AD1
:105FB00021EE291AC1EE001A30EEA10A80ED600A26
:105FC000D0ED5E0A60EEA00A90ED5F1AD0ED5F1A88
:105FD00041EE210A90ED601AD0ED601A41EE210ADF
:105FE000B0EE600A05F0E2FA6D4880ED000A00208C
:105FF00011E06C4901EB800191ED000A6849D1ED97
:10600000000A20EE200A6149896801EB800181EDD8
:10601000000A411CC8B20328EBDB5C48D0ED5B0AE8
:1060200060EEA00A90ED5C1AD0ED5C1A41EE210AF8
:1060300090ED5D1AD0ED5D1A41EE210AB0EE600AD6
:1060400005F0B4FAF7EE000A80EE801A4F4880EDB2
:10605000651A534890ED000AF7EE000A80EE801AA8
:106060004A4880ED661A90ED650ADFED4F0AB4EEFE
:10607000E00AF1EE10FA16D290ED660ADFED4B0A57
:10608000B4EEE00AF1EE10FA0DDD90ED660ADFEDF8
:10609000480AB4EEE00AF1EE10FA04D201203B49BE
:1060A00081F8390103E00020384981F83901374887
:1060B00090ED6C0AD0ED6F0A20EE200AD0F818019E
:1060C00080ED000A314890ED6C0AD0ED6F0A20EEA9
:1060D000200AD0F8180180ED070A2C4890ED6C0AD0
:1060E000D0ED6F0A20EE200AD0F8180180ED0E0ADC
:1060F000264890ED6C0AD0ED6F0A20EE200AD0F809
:10610000180180ED150A214890ED6D0AD0ED6F0A57
:1061100020EE200AD0F8180180ED1C0A1B4890EDF3
:106120006D0AD0ED6F0A20EE200AD0F8180180ED3C
:10613000230A164890ED6E0AD0F81C0180ED000A83
:10614000124890ED6E0AD0F81C0180ED040A0F4849
:1061500090ED6E0AD0F81C0180ED080A0B48001D76
:1061600000F070FB0948406890ED000A074880ED98
:10617000540A406890ED010A044880ED550A4068D1
:1061800090ED020A014880ED560A13E0F00B002062
:10619000880200208C0200209002002024D00008F9
:1061A00094020020680D00209A99993ECDCC1441AC
:1061B000CDCC2441406890ED030A6A4880ED570A2F
:1061C000406890ED040A674880ED580A406890EDF9
:1061D000050A644880ED590A9FED630A80ED5A0A6A
:1061E00090ED541A21EE011AD0ED551A90ED552A72
:1061F00001EE821AF7EE001AB0EE002A52EE011AF2
:10620000F0EE610A90ED541AD0ED571A21EE211AE2
:10621000D0ED551A90ED562A01EE821AF0EE001AD2
:1062200021EE211AB0EE410A04F0ACFDDFED4F0A79
:1062300020EE200A4B4880ED6A0A90ED541A21EEB8
:10624000011AD0ED571A90ED572A01EE821AF7EE97
:10625000001AB0EE002A52EE011AF0EE610A90ED3B
:10626000541AD0ED551A21EE211AD0ED561A90EDA0
:10627000572A01EE821AF0EE001A21EE211AB0EE32
:10628000410A04F07FFDDFED390A20EE200A35488F
:1062900080ED690AD0ED550A90ED571A60EE810A3B
:1062A00090ED541AD0ED561A41EE610AB8EE001A7C
:1062B00060EE810AB0EE600A04F0CEFCDFED2B0A3E
:1062C00020EE200A274880ED680A90ED6A0AD0ED9A
:1062D000760A30EE600ADFED260AB4EEE00AF1EE4F
:1062E00010FA07DDB0F8D401401E00B21D49A1F834
:1062F000D40114E01B4890ED6A0AD0ED760A30EE26
:10630000600ADFED1C0AB4EEE00AF1EE10FA06D2E4
:10631000B0F8D401401C00B21249A1F8D4011148D0
:1063200090ED6A0AB0F9D40100EE900AF8EEE00AA6
:106330009FED111A01EE200A0A4880ED6B0A90EDDC
:106340006A0A80ED760AD0F84821D0F84C01521C38
:1063500040F100000349C1F84821C1F84C01BDECEF
:10636000088B10BDF00B002000000000E12E6542FC
:1063700000003443000034C30000B44310B52DEDD9
:10638000028B1448D0ED070AB0EE600A1248D0ED37
:10639000000A124801F0D8F81048D0ED140AB0EE07
:1063A000600A05F0DFF800EE100AB8EEC00AB0EEA1
:1063B000408A9FED0B1ADFED0B0A05F0BEF8BCEE2C
:1063C000C00A10EE100A84B22046FFF711FBBDECA4
:1063D000028B10BDAC0A002080C00120780B002089
:1063E0000000804F0000000010B586B0774AD2E967
:1063F00000109268CDE9040203917548FBF73EFC5A
:10640000744880ED000A744890ED000A7148D0EDA0
:10641000000A30EE200A704880ED000A00BF6F4885
:10642000FAF71EFE6D4890ED000A6D4880ED170AE0
:106430006A4890ED010A6A4880ED180A674890EDB5
:10644000020A674880ED190A644890ED030A64481F
:1064500080ED140A614890ED040A614880ED150A48
:106460005E4890ED050A5E4880ED160A00F15C0278
:1064700000F150015B48FFF7C1FA594890ED193A15
:10648000F0EE432A90ED183AB0EE432A90ED173A19
:10649000F0EE431A90ED163AB0EE431A90ED153A2D
:1064A000F0EE430A90ED143AB0EE430A494890EDFD
:1064B000003AFFF75DFC4A494B48D0E91534026DBC
:1064C000C06D81E81C00C8600A462C314748FAF7C5
:1064D0002BFF434A02F138014548FAF725FF404AAD
:1064E00002F144014348FAF71FFF3D4A694603A8F9
:1064F000FBF76CFD002039E039495C3101EB80018C
:1065000091ED000A694601EB8001D1ED000A30EE01
:10651000600A3049D1ED000A60EE200A304991ED61
:106520000A0A2C4991ED001A30EE011A80EE810A18
:106530002B49103101EB8001D1ED000A284991ED82
:106540000A1A60EE810A91ED0A1A2249D1ED001A69
:1065500031EE211AC0EE811A30EE210A20491031A5
:1065600001EB800181ED000A411CC8B20328C3DBA6
:106570001B4A02F11C01A1F10C00FAF7D5FE1E48DE
:1065800090ED6A0A164880ED1C0A1B4890ED690AD6
:10659000134880ED1B0A184890ED680A104880EDFA
:1065A0001A0A154890ED6B0A0D4880ED1D0A00BFD0
:1065B0001248007800F0010008B9FFF7DFFE0F482D
:1065C0000068401C0D49086006B010BD18D00008D6
:1065D00074C0012078C001207CC00120AC0A0020DA
:1065E000E00A00205C0B0020F00C0020BCCF00086B
:1065F000C8CF0008D4CF0008F00B002084C00120D1
:1066000000F09AFD00BFFFF7EFFE012005F032F821
:10661000F9E730B50B46002100BF16E00A24B4EBC1
:10662000107F05D9302404EB107403F8114005E005
:10663000412404EB10740A3C03F8114000010025CA
:106640004C00641C1D554C1CE1B29142E6DB30BD90
:1066500070B50446E07B18B12046FFF72FF911E032
:10666000A37B0E4D2D8803FB05F26168D4F8F4007E
:10667000F9F769FFA27B094B1B8802FB03F16068F5
:10668000F9F7B5FF637B054D2D8803FB05F2A16883
:10669000D4F8F000F9F757FF70BD0000B8C0012032
:1066A00010B5044694F82C0068BBB4F89800A4F820
:1066B000A8007A20015BAA200153B4F8A800A4F82E
:1066C000B0005A20015BB220015304F1A80204F18A
:1066D000780104F19800FAF709FB84F8C80004F186
:1066E000B00204F1580104F1A800FAF7FFFA84F8A7
:1066F000C80004F1500204F1B00104F15800FAF7A7
:1067000089FB84F8C80010BD10B5044694F8290030
:1067100068BB04F1680104F16000FAF7D9FB84F862
:10672000C80004F1580204F1500104F16000FAF7C6
:10673000DDFA84F8C800B4F85800A4F8A8006A206C
:10674000015BAA20015304F1A80204F1680104F1DD
:106750005800FAF7CBFA84F8C80004F1580204F1A3
:10676000880104F1A800FAF7E9F884F8C80010BD20
:1067700010B5044694F82A00002861D104F1800184
:1067800004F17800FAF7A4FB84F8C800B4F87800A4
:10679000A4F8A8005A20015BAA20015304F1A80222
:1067A00004F1580104F17800FAF7A0FA84F8C8005F
:1067B000B4F8A800A4F8B0008220015BB220015315
:1067C00004F1B00204F1800104F1A800FAF78EFA96
:1067D00084F8C800B4F89000A4F8A0009220015BEF
:1067E000A220015304F1A00204F1900104F1B000D1
:1067F000FAF7A4F884F8C80004F1B00104F1A0008D
:10680000FAF7FAF884F8C800B4F85800A4F8A80019
:106810008220015BAA20015304F1A80204F1800147
:1068200004F15800FAF762FA84F8C80004F19802FB
:1068300004F1B00104F1A800FAF758FA84F8C8008E
:1068400010BD000070B504462046FFF701FFD4F8E4
:10685000CC0018B12046D4F8CC108847204600F070
:1068600085F8D4F8D00018B12046D4F8D010884765
:106870002046FFF749FFD4F8D40018B12046D4F8D9
:10688000D4108847207C08B9E07BB8B92046FFF7D0
:106890006FFFD4F8D80018B12046D4F8D810884734
:1068A000204600F0A1F8D4F8DC0018B12046D4F856
:1068B000DC1088472046FFF7F3FE13E0237B2A4DC8
:1068C0002D8803FB05F2D4E93A01F9F73CFE237B5E
:1068D000254D2D886B43257B03FB05F2D4E93E0152
:1068E000F9F731FED4F8E00018B12046D4F8E010F2
:1068F0008847002022E0227B00FB0202D4F8F81037
:1069000001EB820191ED000A216A01EB8001D1EDDA
:10691000000AB4EEE00AF1EE10FA0DD2216A01EBA2
:10692000800191ED000A227B00FB0202D4F8F810EE
:1069300001EB820181ED000A411CC8B2217B81423A
:10694000D9DC237B084D2D8803FB05F2D4F8E81031
:106950002068F9F7F8FDD4F8E40018B12046D4F81F
:10696000E4108847206870BDB8C0012010B5044607
:1069700094F8280060BB607B00282ADD207BA4F807
:10698000B8000121BA20015304F1B80204F130012A
:1069900004F16000FAF7AAF984F8C800207BA4F893
:1069A000C0000121C220015304F1C00204F14001E2
:1069B00004F17000FAF79AF984F8C80004F138027B
:1069C00004F1C00104F1B800F9F7B8FF84F8C80079
:1069D00009E004F1380204F1300104F16000FAF733
:1069E00085F984F8C80010BD10B5044694F82B0052
:1069F000E0BBB4F87800A4F8B8000121BA20015334
:106A000004F1B80204F1380104F17800FAF76EF9E4
:106A100084F8C800B4F84800A4F8C0000121C220DE
:106A2000015304F1C00204F1B80104F14800FAF77F
:106A3000F1F984F8C800B4F89800A4F8B80001216E
:106A4000BA20015304F1B80204F1C00104F1980026
:106A5000FAF74CF984F8C80004F1300204F1B801E7
:106A600004F13800F9F76AFF84F8C80010BD00008F
:106A700010B548480078B0BB4FF400614648FCF7B9
:106A8000DFFB01280FD145480068FAF799FF08217C
:106A900042480068FBF714F89FED410A3F48006840
:106AA000FBF719F81EE00A2004F0E4FD4FF4006142
:106AB0003948FCF7C5FBA8B938480068FBF70EF861
:106AC00036480068FAF7FEFF402134480068FAF7BC
:106AD000F7FF9FED340A31480068FAF7FCFF012008
:106AE0002C49087010BDFFE72F48007800284FD1CF
:106AF0002E480068FAF764FF08212C480068FAF76E
:106B0000DFFF9FED2B0A29480068FAF7E4FF2748CA
:106B10000068B0F90C00002804DD24480068B0F9D2
:106B20000C0004E021480068B0F90C00404241F23A
:106B3000680188422CDD052004F09CFD1B4800689C
:106B4000B0F90C00002804DD18480068B0F90C000A
:106B500004E016480068B0F90C00404241F26801B8
:106B6000884215DD11480068FAF7B8FF0F48006841
:106B7000FAF7A8FF40210D480068FAF7A1FF9FED42
:106B8000090A0A480068FAF7A6FF012006490870BA
:106B900000BFA7E700C1012000100240E8C00120AB
:106BA00000007AC50000000001C10120ECC00120F6
:106BB00000803BC510B50E480E49086003204860B0
:106BC00000210C488160C1604FF4102101614FF435
:106BD000001141610021017641768176C17601770D
:106BE0004177FBF768FE08B1FBF79DFA10BD000086
:106BF00000640040E4C1012010B50E480E49086051
:106C00000320486000210C488160C1604FF41021CE
:106C100001614FF4001141610021017641768176D6
:106C2000C17601774177FBF746FE08B1FBF77BFAA7
:106C300010BD0000006800400CC2012008B500BF74
:106C4000002000901E48006840F400101C490860B5
:106C50000846006800F40010009000BF00BF00BFAD
:106C6000002000900846006840F480000860084654
:106C7000006800F48000009000BF00BF00220521E2
:106C80000C20FCF7B3FB0C20FCF79CFB0022052139
:106C90003820FCF7ABFB3820FCF794FB00220521E1
:106CA0003A20FCF7A3FB3A20FCF78CFB00220521DD
:106CB0003B20FCF79BFB3B20FCF784FB08BD00005E
:106CC0003038024000B59DB01C22184916A8F9F7CB
:106CD0003AFC002116A804F0DEFC154908601C22CD
:106CE00012491C310FA8F9F72EFC00210FA804F05F
:106CF000D2FC104908601C220C49383108A8F9F769
:106D000022FC002108A804F0C6FC0B4908601C22E4
:106D10000649543101A8F9F716FC002101A804F036
:106D2000BAFC064908601DB000BD000014CF000881
:106D30000000002004000020080000200C000020BB
:106D400000B587B0142102A8F9F751FC00BF00205C
:106D500001908D48006840F002008B4908600846A9
:106D6000006800F00200019000BF00BF00BF0020DB
:106D700001900846006840F040000860084600683E
:106D800000F04000019000BF00BF00BF0020019054
:106D90000846006840F0010008600846006800F0FE
:106DA0000100019000BF00BF00BF00200190084615
:106DB000006840F0080008600846006800F008001D
:106DC000019000BF00BF00BF00200190084600688E
:106DD00040F0040008600846006800F004000190DC
:106DE00000BF00BF00BF002001900846006840F4CB
:106DF000807008600846006800F48070019000BF51
:106E000000BF00BF002001900846006840F08000ED
:106E100008600846006800F08000019000BF00BFD5
:106E200000BF002001900846006840F02000086084
:106E30000846006800F02000019000BF00BF00BFBE
:106E4000002001900846006840F0100008600846E5
:106E5000006800F01000019000BF00BF00228021F8
:106E60004A48FCF7F5F900224FF480714848FCF7D6
:106E7000EFF9012210214748FCF7EAF900224FF40C
:106E800000714548FCF7E4F900224FF440514348B3
:106E9000FCF7DEF9012211464048FCF7D9F98020C1
:106EA00002900120039000200490059002A9374829
:106EB000FCF7CCF84FF48070029001200390002082
:106EC0000490059002A93248FCF7C0F80120029016
:106ED0004FF4881003900020049002A92D48FCF77D
:106EE000B5F8102002900120039004900220059034
:106EF00002A92848FCF7AAF8302002904FF40410A9
:106F000003900020049002A92148FCF79FF84FF459
:106F1000007002900120039000200490059002A9C7
:106F20001D48FCF793F84FF4006002900020039096
:106F3000049002A91848FCF789F84FF440500290D9
:106F40000120039000200490059002A91348FCF74B
:106F50007DF801200290039004900220059002A980
:106F60000E48FCF773F84FF4404002900220039063
:106F700000200490032005900520069002A90748F0
:106F8000FCF764F807B000BD303802400020024032
:106F900000080240000002400010024000040240CD
:106FA00010B50F480F4908604FF482704860002107
:106FB0000C488160C16002210161012141614902E7
:106FC00081611021C16100210162416281620A2157
:106FD000C162FDF78FFD08B1FBF7A5F810BD0000F9
:106FE00000300140B405002000B587B01C21684680
:106FF000F9F7FDFA154816490860A72048600021F6
:10700000134881604CF25031C160002101618161FF
:10701000FDF7AEFF08B1FBF786F80D48FEF7B5F9AE
:1070200008B1FBF780F860200090002001900290EA
:107030000490002269460648FEF725F908B1FBF7DF
:1070400072F80348FEF7EEF807B000BD00440140B7
:1070500034C2012010B50A480A4908600A4848604D
:10706000002108488160C16001610C21416100215B
:107070008161C161FEF788FA08B1FBF754F810BDD1
:1070800000100140CC06002040420F0010B50A4815
:107090000A4908600A484860002108488160C160C8
:1070A00001610C21416100218161C161FEF76CFA2F
:1070B00008B1FBF738F810BD004400401407002069
:1070C00040420F0010B50B480B4908600B48486060
:1070D000002109488160C1604FF4806101610C2189
:1070E000416100218161C161FEF74EFA08B1FBF7F1
:1070F0001AF810BD004800405C070020A08601007F
:1071000010B50A480A4908600A4848600021084842
:107110008160C16001610C21416100218161C16117
:10712000FEF732FA08B1FAF7FEFF10BD0014014075
:10713000A407002040420F0010B500220D490E4860
:1071400001F027FF08B1FAF7EEFF0C490A4802F0F8
:1071500062FA08B1FAF7E7FF0949074801F020FB96
:1071600008B1FAF7E0FF044802F058FB08B1FAF75B
:10717000DAFF10BD00030020F866002064C1012082
:1071800040C1012000BFFEE7F0B502460D796D1E3B
:10719000E8B292F8AE51012D49D0022D02D0032D54
:1071A0007ED100BF042809DA0346464E0D68B54279
:1071B00001D1012500E004252C4609E0051FEBB2B2
:1071C000404E0D68B54201D1002500E003252C4654
:1071D00000F201258D6001253B4E355582F8AD3119
:1071E00082F8AC4100251DE0384E56F82560D6F8EF
:1071F000A86136680F68BE4212D1344E56F8256039
:10720000D6F8A861766B8F68BE4209D1DFF8B4C0AA
:107210000F68674501D1012700E002273E4600BF05
:107220006E1CF5B22A4E3678B542DDDB47E0042805
:1072300009DA0346234E0D68B54201D1002500E06E
:1072400003252C4609E0051FEBB21E4E0D68B54222
:1072500001D1022500E005252C4600F205258D60B0
:107260000125194E355582F8AD3182F8AC41002523
:107270001FE0164E56F82560D6F8A86136680F68EC
:10728000BE4214D1114E56F82560D6F8A861766B2F
:107290008F68BE420BD1DFF82CC00F68674500E055
:1072A0000CE001D1012700E002273E4600BF6E1C22
:1072B000F5B2074E3678B542DBDB00E000BF00BF19
:1072C000F0BD0000E4C10120A30100205C09002002
:1072D0001C00002000BFFEE710B50248FCF7A5FA2D
:1072E00010BD0000D47B00202DE9F04704460D4678
:1072F00026683746D6F8408007F5306000EB451029
:10730000D0F80890104880450BD909F40040B0F53A
:10731000004F06D14FF4004107F5306000EB4510F7
:1073200081602046FCF73CFF0748804508D9A079DA
:10733000012805D104F29C420121206802F026FFB9
:107340000020BDE8F08700000A30544F2DE9F047D7
:1073500005460C46D5F800904E46D9F840A006F5F3
:10736000306000EB4410D0F80880A879012855D18E
:1073700008F0080008280FD1434882450BD908F4CB
:107380000040B0F5004F7BD14FF4004106F530606E
:1073900000EB4410816073E008F02000202806D143
:1073A000202106F5306000EB4410816068E008F0B1
:1073B0002800002864D1344882450CD908F40040E4
:1073C000B0F5004F07D14FF4004106F5306000EBF7
:1073D0004410816054E004EBC40105F5157000EB26
:1073E000810706F5306000EB4410396A0069C0F38C
:1073F0001200081A786164B9386930B905F29C4204
:107400000121286802F0C2FE03E07969F8680844A7
:10741000F860E1B22846FCF77FF831E01B4882456E
:107420001BD108F40040B0F5004F07D14FF40041E4
:1074300006F5306000EB4410816021E008F0200088
:10744000202805D1202106F5306000EB4410816032
:10745000E1B22846FCF760F812E06CB904EBC40115
:1074600005F5157000EB8100006928B905F29C4212
:107470000021286802F08AFEE1B22846FCF74CF8A9
:107480000020BDE8F08700000A30544F0A31544F05
:107490002DE9F84F07460E46D7F80090C84606EB90
:1074A000C60107F1140000EB8104D4E904108842FE
:1074B00002D90120BDE8F88FD4E90401451AA0687B
:1074C000A84200D2A568E81C4FEA900A17E0D4E968
:1074D0000401451AA068A84200D2A568E81C4FEA3A
:1074E000900AB879ABB2F2B200904846E16803F076
:1074F0005BFBE0682844E06060692844606108F54F
:10750000106000EB4610806980B2504506D3D4E984
:107510000410884202D220690028D8D1D4E904019D
:1075200088420ED806F00F01012000FA01FB40F658
:10753000340050F8080020EA0B0040F6340141F80E
:1075400008000020B6E7000010B52DED028B0446C0
:10755000B0EE408AF0EE608A5A496069084010B186
:10756000204603F045FF04F16000FAF787FB84ED45
:10757000190A84ED0B8AC4ED178A94ED170AD4ED2D
:107580000B0A30EE600A84ED0D0A94ED0D0AB5EE9B
:10759000C00AF1EE10FA02DD94ED0D0A03E094ED5D
:1075A0000D0AB1EE400AD4ED040AB4EEE00AF1EEA1
:1075B00010FA65DD94ED000AD4ED0D0A20EE200AE4
:1075C00084ED100A94ED010AD4ED0D0A20EE200A94
:1075D000D4ED190A20EE200A84ED130A94ED0D0A69
:1075E000D4ED0E0A30EE600AD4ED020A20EE200A35
:1075F000D4ED190A80EE201A84ED121A207D00F0D5
:10760000400010B1204603F051FFA08A00F4004072
:1076100010B1204603F0ACFD207D00F0080010B151
:10762000204603F02AFE606900F4802010B1204655
:1076300003F002FE207D00F0010010B1204603F0AF
:107640002DFE94ED110AD4ED130A30EE200A84EDDC
:10765000110A94ED100AD4ED110A30EE200AD4ED8F
:10766000120A30EE200A84ED140AA08A00F4805039
:1076700010B1204603F07CFE204603F09AFE07E09E
:107680009FED110A84ED140A9FED0F0A84ED130A91
:1076900094ED0B0A84ED0C0A94ED140A84ED150A9E
:1076A00094ED120A84ED160A94ED0D0A84ED0E0A8B
:1076B00094ED130A84ED0F0A94ED140ABDEC028BCD
:1076C00010BD0000809698000000000070B50446D0
:1076D0000D4695ED000A84ED000A95ED010A84ED52
:1076E000010A95ED020A84ED020A95ED030A84ED84
:1076F000030A95ED040A84ED040A6869606195ED5A
:10770000060A84ED060A95ED070A84ED070A95ED51
:10771000080A84ED080A95ED090A84ED090A95ED39
:107720000A0A84ED0A0A04F16000FAF7A7FA70BDAC
:1077300010B5044694210448F8F737FF0348006861
:1077400000F09AFD10BD00008C0900206CC00120E3
:10775000002010E0094A32F91010002901DB0A4626
:1077600000E04A42B2F5257F03DD0021034A22F8FA
:107770001010411CC8B20528ECDB70478C090020B2
:1077800010B586B004460D480590049412208DF87B
:107790000C0003A800F048FD09490860094A07CA1F
:1077A0008DE807006846FAF757FB07490860012093
:1077B00006490870064806B010BD0000D5770008DD
:1077C0006CC00120B0CF000870C0012068C001204B
:1077D0008C09002010B50448006804F02BFB034816
:1077E0000068FAF765FB10BD6CC0012070C0012075
:1077F00001460B4800680B4A1268904201D10020F4
:1078000070470948074A1268805C0870054800689C
:10781000401CC0F30900034A10600120F0E700009B
:10782000C8C00120CCC001206C0E002010B5024859
:10783000FDF7B2F810BD0000B405002070B5054694
:10784000AC6B0020E087E0862046FDF7A3F870BD12
:107850007CB504460E4615463346012202212046D9
:10786000009500F039F828B1606D40F020006065A7
:1078700003207CBD164800681821B0FBF1F01549C3
:10788000B0FBF1F04FF47A71484301906068B0F5B5
:10789000827F0DD13346002280212046009500F0E2
:1078A0001BF898B1606D40F0200060650320E0E7B0
:1078B00000BF019800B908E00198401E01902068BF
:1078C0008068C0F3C0100028F3D100BF0020D0E7CB
:1078D00010C0012040420F002DE9F84F04460D462C
:1078E00090461E46DDF82890FBF7B8FCA0EB090097
:1078F000371AFBF7B3FC82462C480068C0F3CB3044
:107900007843009046E0701C002843D0FBF7A6FCAB
:10791000A0EB0A00B84200D2A7BB2068406820F064
:10792000E000216848606068B0F5827F0DD1A068F2
:10793000B0F5004F03D0A068B0F5806F05D1206886
:10794000006820F0400021680860A06AB0F5005F80
:107950000DD100BF2068006820F400502168086045
:107960002068006840F400502168086000BF0120D2
:1079700084F8510000BF002084F8500000BF0320AD
:10798000BDE8F88FFFE7009808B9002702E00098EB
:10799000401E0090206880682840A84201D1012044
:1079A00000E000204045AED10020E9E710C00120F2
:1079B00030B501460A461378521C147843EA042075
:1079C00030BD000010B500BF502080F31188BFF318
:1079D0004F8FBFF36F8F00BF04F072FE18B14FF0EE
:1079E00080500449086000BF002080F3118800BF68
:1079F00010BD000004ED00E000B593B0302107A8F1
:107A0000F8F7F5FD142102A8F8F7F1FD00BF0020FA
:107A100001902448006840F08050224908600846E0
:107A2000006800F08050019000BF00BF00BF002040
:107A300001901D48006840F480401B4908600846DA
:107A4000006800F48040019000BF00BF0120079053
:107A50000004089002200D9041050E9119210F910C
:107A60004FF4A8711091022111910721129107A8DA
:107A7000FCF742FD08B1FAF756FB0F2002900220F6
:107A80000390002004904FF4A05005904FF48050D4
:107A90000690052102A8FCF7CDFB08B1FAF743FBDD
:107AA00013B000BD40380240007000400348006839
:107AB00040F47000014908607047000088ED00E064
:107AC00010B50248FDF7F7FA10BD0000AC08002021
:107AD00010B502682B4B98420ED0B0F1804F0BD0FE
:107AE000294B984208D0294B984205D0284B984200
:107AF00002D0284B984203D122F070024B681A43FF
:107B0000204B984220D0B0F1804F1DD01E4B9842A0
:107B10001AD01E4B984217D01D4B984214D01D4BC3
:107B2000984211D01C4B98420ED01C4B98420BD05F
:107B30001B4B984208D01B4B984205D01A4B9842D9
:107B400002D01A4B984203D122F44072CB681A43F8
:107B500022F080034C6943EA04028B68C3620B681D
:107B60008362084B984202D00A4B984201D10B69BC
:107B70000363036843F0040303600123436102606D
:107B800010BD00000000014000040040000800405B
:107B9000000C00400004014000400140004401404E
:107BA0000048014000180040001C00400020004038
:107BB00030B5026A056A25F00105056243688469EB
:107BC00024F0700424F003040D682C4322F0020218
:107BD0008D682A43104DA84200D103E00F4DA84202
:107BE00006D100BF22F00802CD682A4322F0040229
:107BF000094DA84202D0094DA84207D123F4807351
:107C000023F400734D692B438D692B4343608461DA
:107C10004D684563026230BD000001400004014030
:107C200030B5026A056A25F010050562436884696B
:107C300024F4E04424F440740D6844EA052422F05E
:107C400020028D6842EA0512124DA84200D103E0DD
:107C5000114DA84207D100BF22F08002CD6842EA50
:107C6000051222F040020B4DA84202D00A4DA84254
:107C700009D123F4806323F400634D6943EA85034B
:107C80008D6943EA8503436084614D6885630262C0
:107C900030BD0000000001400004014030B5026A20
:107CA000056A25F4807505624368C46924F0700490
:107CB00024F003040D682C4322F400728D6842EA1C
:107CC0000522124DA84200D103E0114DA84207D170
:107CD00000BF22F40062CD6842EA052222F48062ED
:107CE0000A4DA84202D00A4DA84209D123F480537C
:107CF00023F400534D6943EA05138D6943EA0513E4
:107D00004360C4614D68C563026230BD000001403C
:107D10000004014030B5036A056A25F48055056208
:107D20004468C26922F4E04222F440720D6842EADB
:107D3000052223F400538D6843EA0533084DA84219
:107D400002D0084DA84204D124F480444D6944EA8D
:107D500085144460C2614D680564036230BD000053
:107D6000000001400004014070B506460025B46BD8
:107D700020684069C0F3C01594F84100212805D15E
:107D800025B10020E084204600F0B8F82068406962
:107D9000C0F3801594F84200222805D125B10020B7
:107DA000E085204600F074F8606C40F010006064DC
:107DB0002046FDF7B1FB70BD70B50546AC6B286879
:107DC000006800F48070002842D1E08500BF00BF49
:107DD00021680C3151E8001F21F4807021680C31BA
:107DE00041E80002002AF3D100BF00BF00BF2168B4
:107DF000143151E8001F21F001002168143141E8DD
:107E00000002002AF3D100BF00BF00BF2168143177
:107E100051E8001F21F040002168143141E80002C0
:107E2000002AF3D100BF202084F84200206B0128F3
:107E30000ED100BF00BF21680C3151E8001F21F0B6
:107E4000100021680C3141E80002002AF3D100BF84
:107E500000206063206B012804D1A18D2046FDF72E
:107E60000FFB02E02046FDF727FD70BD70B505460B
:107E7000AC6B01206063206B012805D1A08D410807
:107E80002046FDF7FDFA02E02046FDF716FD70BD25
:107E900000BF00BF02680C3252E8002F22F490713C
:107EA00002680C3242E80013002BF3D100BF00BF80
:107EB00000BF0268143252E8002F22F0010102686C
:107EC000143242E80013002BF3D100BF016B0129EB
:107ED0000ED100BF00BF02680C3252E8002F22F022
:107EE000100102680C3242E80013002BF3D100BFEE
:107EF000202180F8421000210163704700BF00BFBD
:107F000002680C3252E8002F22F0C00102680C32E5
:107F100042E80013002BF3D100BF202180F841106C
:107F2000704700002DE9F84F04462068006920F4EE
:107F30004050E1680843216808612169A06808434E
:107F400061690843E169084300902068C06849F20C
:107F50000C618843009908432168C8602068406923
:107F600020F44070A169084321684861764920687F
:107F7000884203D075492068884203D1FCF754FA3F
:107F8000814602E0FCF740FA8146E069B0F5004F17
:107F90006CD102206168A0FB015003461920A9FBA7
:107FA000007001462A463846F8F711FA6421B0FB02
:107FB000F1F04FEA001A02206168A0FB01510B4664
:107FC0001920A9FB00712A463846F8F700FA8346C3
:107FD00002206168A0FB015003461920A9FB007133
:107FE0002A463846F8F7F3F96421B0FBF1F000EBCC
:107FF000C00101EB0010ABEB8000322101EBC000AF
:108000006421B0FBF1F000F0F8000AEB400A022016
:108010006168A0FB015003461920A9FB00700146CE
:108020002A463846F8F7D3F9834602206168A0FB58
:10803000015003461920A9FB00712A463846F8F77B
:10804000C6F96421B0FBF1F000EBC00101EB0010B8
:10805000ABEB8000322101EBC0006421B0FBF1F0FA
:1080600000F007005044216888606AE004206168DD
:10807000A0FB015003461920A9FB007001462A46C7
:108080003846F8F7A4F9824604206168A0FB015045
:1080900003461920A9FB007001462A463846F8F726
:1080A00096F96421B0FBF1F000EBC00101EB001088
:1080B000AAEB8000322101EB00106421B0FBF1F04B
:1080C00000F0F00A04206168A0FB0170034619204B
:1080D000A9FB00513A462846F8F779F96421B0FB2C
:1080E000F1F00AEB001A04206168A0FB01510B4675
:1080F0001920A9FB00712A463846F8F768F983462B
:1081000004206168A0FB015003461920A9FB007000
:1081100001462A463846F8F75AF96421B0FBF1F0D7
:1081200000EBC00101EB0010ABEB8000322101EB52
:1081300000106421B0FBF1F000F00F005044216802
:108140008860BDE8F88F0000001001400014014075
:1081500077B581B0044615460298A062A585002037
:108160006064222084F842002C48E16BC8632C48EC
:10817000E16B08642B48E16BC8640020E16B086583
:1081800002AE32682368191D2B46E06BFAF700FF38
:1081900038B110206064202084F84200012004B02F
:1081A00070BD00BF0020009020680068009020682B
:1081B0004068009000BF00BF206970B100BF00BFE1
:1081C00021680C3151E8001F41F4807021680C31A6
:1081D00041E80002002AF3D100BF00BF00BF2168C0
:1081E000143151E8001F41F001002168143141E8C9
:1081F0000002002AF3D100BF00BF00BF2168143184
:1082000051E8001F41F040002168143141E80002AC
:10821000002AF3D100BF0020C1E70000B97D0008AB
:108220006D7E0008697D000870B505464FF48470C6
:10823000F8F79EF804464FF484712046F8F7D7F912
:108240006868C4F80001287884F8FF00A868C4F8BA
:108250000401074801780078401C054A1070054861
:1082600040F82140204600F007F8204670BD00008D
:10827000100000205009002010B5044694F8FF209B
:108280002146D4F80001FDF7C2F8D4F80001C06B14
:108290000068006820F00800D4F80011C96B096874
:1082A000086010BD2DE9F04104460D46D4F8C872AF
:1082B00004F53070D4F8D41250F8210010B903201E
:1082C000BDE8F08104F53070D4F8D41250F8216084
:1082D00005F00F0000EB800104F1140050F82100BC
:1082E00028B305F00F0000EB800104F1140050F8F2
:1082F000211005F00F0000EBC00207F1140000EBA5
:1083000082008068B1FBF0F200FB121078B9002106
:1083100005F00F0000EB800204F1140040F8221079
:1083200000231A462946204601F042F917E00020B2
:10833000C6F8140204F53170D4F8D41250F82100B4
:10834000006960B1D6F8080204F53171D4F8D4227E
:1083500051F822102A460B6906F50471984700204F
:10836000AEE770B504460E4604F53070D4F8D4126A
:1083700050F82150D4F8D41250F8210008B9032045
:1083800070BD3146204600F06AFFC5F80C02D5F8F2
:10839000040204F53171D4F8D43251F82310CA68BC
:1083A00005F5037190470020EAE7000070B5044628
:1083B0000D4630480178204600F01BFE00212D4874
:1083C000007800F00F0000EB800204F1140000EBD5
:1083D0008200C17328480178204600F00AFE00217F
:1083E0002548007800F00F0000EB800204F5AA7029
:1083F00000EB8200C17321480178204600F0F9FDAE
:1084000000211E48007800F00F0000EB800204F10C
:10841000140000EB8200C1731848007800F00F00D0
:1084200000EB800204F1140000EB8200816004F58F
:108430003070D4F8D41250F82100C8B104F531716D
:10844000D4F8D42251F822104868804704F53071DE
:10845000D4F8D42251F8220001F0D6FB002104F513
:108460003070D4F8D42240F822100020C4F8BC02A6
:10847000002070BDDFC10120E0C10120E1C1012069
:1084800070B5044604F53070D4F8D41250F8215079
:108490000DB9032070BD04F53170D4F8D41250F832
:1084A000210098B195F80002FF280FD095F801221D
:1084B00095F8000204F53171D4F8D46251F8261011
:1084C0008B6829469847FF2085F800020020E1E7E5
:1084D00001460A20088001487047000058C1012069
:1084E0002DE9F041044682210D4800F09EFC05462E
:1084F00001210B4800F099FC06468121084800F054
:1085000094FC07460DB11020A8710EB14020B08038
:108510000FB14020B880432020800148BDE8F081A1
:108520009CC101202DE9F041044682210E4800F053
:108530007CFC054601210C4800F077FC06468121B1
:10854000094800F072FC07460DB11020A87116B161
:108550004FF40070B08017B14FF40070B880432022
:1085600020800148BDE8F0819CC101202DE9F04147
:10857000044682210D4800F058FC054601210B48B5
:1085800000F053FC06468121084800F04EFC0746E7
:108590000DB11020A8710EB14020B0800FB1402065
:1085A000B880432020800148BDE8F0819CC10120B3
:1085B00070B504460E464FF4077001F027FB0546E0
:1085C00045B9002104F53070D4F8D42240F82210C7
:1085D000022070BD4FF407712846F8F708F804F53B
:1085E0003070D4F8D41240F82150D4F8D41250F896
:1085F0002100C4F8BC02207C98BB4FF40073022217
:1086000050480178204600F0CBFE01214D4800780B
:1086100000F00F0000EB800204F1140000EB820078
:10862000C1734B02022248480178204600F0B8FE90
:1086300001214548007800F00F0000EB800204F5AE
:10864000AA7000EB8200C17310214048007800F04E
:108650000F0000EB800204F1140000EB8200816047
:1086600032E0FFE74023022236480178204600F03E
:1086700097FE01213348007800F00F0000EB8002E4
:1086800004F1140000EB8200C173402302222E4843
:108690000178204600F084FE01212B48007800F08C
:1086A0000F0000EB800204F5AA7000EB8200C1739A
:1086B00010212648007800F00F0000EB800204F142
:1086C000140000EB82008160082303221F48017818
:1086D000204600F065FE01211C48007800F00F00E4
:1086E00000EB800204F1140000EB8200C173002053
:1086F000C5F8040204F53171D4F8D42251F82210DF
:10870000086880470020C5F81402C5F81802D5F89B
:10871000040208B902205CE7207C48B94FF40073DA
:10872000094801782046D5F8042200F051FE07E000
:108730004023054801782046D5F8042200F048FE81
:10874000002046E7DFC10120E0C10120E1C1012096
:1087500070B5044604F53070D4F8D41250F82150A6
:10876000D4F8D41250F8210008B9032070BD207C41
:1087700048B94FF40073094801782046D5F804221F
:1087800000F026FE07E04023044801782046D5F893
:10879000042200F01DFE0020E8E70000E0C10120F7
:1087A000024609B90320704702F53170D2F8D4327D
:1087B00040F823100020F6E710B5024602F53070AD
:1087C000D2F8D44250F824300BB9032010BDC3F8BE
:1087D00004120020FAE730B503460C4603F530706A
:1087E000D3F8D45250F8251009B9032030BDC1F890
:1087F0000842C1F810220020F8E72DE9FC410546A7
:108800000C4605F53070D5F8D41250F821600020E0
:1088100001900090804616B90320BDE8FC812078C5
:1088200000F0600000283DD020287CD1E08868B3AB
:10883000207800F08000B8B1E288607805F53171E9
:10884000D5F8D4C251F82C108B6831469847E0888F
:10885000072801D9072000E0E08807463A4631465C
:10886000284600F012F91CE0607886F80002E088E3
:10887000402801D2E08800E0402086F8010296F806
:1088800001223146284600F0DCF80AE0607805F560
:108890003171D5F8D42251F8221000228B6821467C
:1088A000984747E0607830B1012832D00A2813D0C9
:1088B0000B282FD121E095F89C02032805D1022234
:1088C0006946284600F0E1F805E02146284600F018
:1088D000ACF84FF0030824E095F89C02032805D17A
:1088E000012201A9284600F0D0F805E021462846DB
:1088F00000F09BF84FF0030813E095F89C02032862
:1089000005D02146284600F090F84FF0030808E013
:1089100009E006E02146284600F087F84FF00308FA
:1089200000BF00BF06E02146284600F07EF84FF069
:10893000030800BF00BF40466FE7000070B5054662
:1089400005F53070D5F8D41250F8214001260CB945
:10895000032070BDD4F81402C0B90120C4F8140279
:108960000B48007800F00F0000EB800205F11400C6
:10897000D4F8101240F82210054801782846D4F89F
:108980001032D4F8082200F013FE00263046E0E74B
:10899000DFC1012070B504460D460026D4F8B802A8
:1089A000294642682046904700B10326304670BDF4
:1089B00070B504460D4694F89C02012804D00228A4
:1089C00003D003280CD101E000BF00BF6888012854
:1089D00005D10020C4F8A402204600F068F804E0A5
:1089E0002946204600F021F800BF00BF70BD0246B6
:1089F0000020704702460020704770B506460C46BE
:108A000015462B4622460021304600F0E1FC0020AE
:108A100070BD70B506460C4615462B462246002111
:108A2000304600F0C5FD002070BD70B504460D460F
:108A30008021204600F08CFD0021204600F088FDBA
:108A400070BD70B504460E4615460320C4F8940266
:108A5000C4F854514FF4B27006514FF4AC70055144
:108A60002B4632460021204600F0B2FC002070BDAB
:108A700010B504460520C4F8940200231A4619468E
:108A8000204600F0A5FC002010BD70B504460E463F
:108A900015460220C4F8940265616662A5612B4602
:108AA00032460021204600F083FD002070BD10B545
:108AB00004460420C4F8940200231A4619462046AE
:108AC00000F076FD002010BD70B505460C462DB9AE
:108AD0002246064906A000F012FA04E022460349A5
:108AE00003A000F00CFA014870BD0000D46900201A
:108AF00043444320436F6E666967000002461220BC
:108B000008800148704700001C03002070B505462E
:108B10000C462DB92246064906A000F0F0F904E003
:108B20002246034903A000F0EAF9014870BD0000A5
:108B3000D469002043444320496E746572666163C2
:108B400065000000024604200880014870470000CC
:108B50003003002070B505460C462246024903A0AA
:108B600000F0CDF9004870BDD469002053544D6920
:108B700063726F656C656374726F6E696373000016
:108B800070B505460C462DB92246064906A000F0F0
:108B9000B6F904E02246034903A000F0B0F9014809
:108BA00070BD0000D469002053544D333220566903
:108BB000727475616C20436F6D506F7274000000A9
:108BC00070B505460C461A202080F9F7EFFA0148E7
:108BD00070BD00003403002070B504460D46E888DF
:108BE000012804D029462046FFF71FFF1EE094F815
:108BF0009C02012804D0022803D0032810D109E0E8
:108C000000BF0020A060012204F108012046FFF708
:108C10003CFF0AE00122211D2046FFF736FF04E059
:108C200029462046FFF701FF00BF00BF70BDF8B521
:108C300004460E4600200090002700257088001290
:108C4000082875D2DFE800F0C7040C20C7C7A5B517
:108C5000207CD4F8B4120A68694690470746C1E000
:108C6000207C40B9D4F8B802816A68468847074634
:108C70000220787007E0D4F8B802C16A68468847D5
:108C8000074602207870ADE0B078062878D2DFE899
:108C900000F00316293C5063D4F8B402406838B1A0
:108CA000207CD4F8B4124A6869469047074605E02C
:108CB00031462046FFF7B9FE681CC5B267E0D4F81C
:108CC000B402806838B1207CD4F8B4128A6869464E
:108CD0009047074605E031462046FFF7A6FE681C90
:108CE000C5B254E0D4F8B402C06838B1207CD4F8DE
:108CF000B412CA6869469047074605E031462046E7
:108D0000FFF793FE681CC5B241E0D4F8B4020069D5
:108D100038B1207CD4F8B4120A69694690470746F6
:108D200005E031462046FFF780FE681CC5B22EE004
:108D300051E0D4F8B402406938B1207CD4F8B412C0
:108D40004A6969469047074605E031462046FFF7E5
:108D50006CFE681CC5B21AE0D4F8B402806940B158
:108D6000207CD4F8B4128A6969469047074606E029
:108D700006E031462046FFF758FE681CC5B206E003
:108D800031462046FFF751FE681CC5B200BF00BF48
:108D900028E0207C30B9D4F8B802416B6846884797
:108DA000074605E031462046FFF73FFE681CC5B286
:108DB00018E0207C40B9D4F8B802016B68468847B7
:108DC00007460720787005E031462046FFF72DFE64
:108DD000681CC5B206E031462046FFF726FE681C37
:108DE000C5B200BF00BF05B1F8BDF088C0B1BDF885
:108DF000000080B1F088BDF80010884202DDBDF8A7
:108E0000000000E0F0880090BDF8002039462046C0
:108E1000FFF73BFE07E031462046FFF706FE02E083
:108E20002046FFF744FE00BFDEE72DE9F841054686
:108E30000F462C462E464FF0000870883178884245
:108E400018DD307800900FE06946204600F020F8E9
:108E500004466078052807D1A04698F80200B84279
:108E600000D106E04FF000087088BDF8001088427D
:108E7000EADC00BF4046BDE8F881014600200A4612
:108E800002E0431CD8B2521C1378002BF9D1704772
:108E900010B5024610460B88047823440B800378F3
:108EA000981810BD70B504460D4694F89C02012830
:108EB00004D0022803D003281AD101E000BF00BF6C
:108EC000E888022804D029462046FFF7AEFD14E0CA
:108ED0000120E060D4F8A40218B1E06840F002007C
:108EE000E060022204F10C012046FFF7CEFD04E011
:108EF00029462046FFF799FD00BF00BF70BD2DE950
:108F0000F04107460D46904600240FB9BDE8F081B8
:108F10003E463046FFF7B1FF022101EB4000B0F5BD
:108F2000007F01D9080204E03046FFF7A6FF4000A9
:108F3000801CA8F8000098F800002855601CC4B2F6
:108F400003202855601CC4B208E030782855761CF0
:108F5000601CC4B200202855601CC4B230780028C0
:108F6000F3D100BFD2E70146002031B1012906D07C
:108F7000022906D0032908D105E0002007E00320DC
:108F800005E0012003E0032001E0032000BF00BF53
:108F900070472DE9F04104460D46164614B90320EA
:108FA000BDE8F0810020C4F8B802C4F8C402C4F8D7
:108FB000D0020DB1C4F8B452012084F89C0226708E
:108FC000204600F055F907463846E9E72DE9F0411B
:108FD00004460D46002600272946D4F8C802FAF7B1
:108FE00008FB06463046FFF7BEFF07463846BDE899
:108FF000F0812DE9F04104460D4600260027294660
:10900000D4F8C802FAF7C0FA06463046FFF7ABFFBD
:1090100007463846BDE8F0812DE9F04705460F4682
:109020009146002F5AD105F11404D5F89402022874
:109030004AD1A1896068884213D9A1896068401A21
:109040006060A1892069084420612846626821691E
:10905000FFF7DFFC00231A461946284600F0B8F94E
:1090600032E0A0896168884217D1A18920688842CE
:1090700013D32068D5F8981288420ED200221146E8
:109080002846FFF7C6FC0020C5F8980200231A46C0
:109090001946284600F09CF916E095F89C02032832
:1090A0000BD1D5F8B802C06838B10020C5F8D40299
:1090B000D5F8B802C168284688478021284600F0C4
:1090C00047FA2846FFF7D4FC95F8A00250B328468B
:1090D00000F0C5FA002085F8A00223E047F08001E7
:1090E0002846FFF784FC0646FF2E1BD0D6B995F81C
:1090F0009C02032816D105F52E7050F82600406911
:1091000080B1C5F8D46205F52E7050F826003946B6
:109110004269284690478046B8F1000F02D0404689
:10912000BDE8F0870020FBE72DE9F04705460F4634
:1091300091464FF00008002F55D105F5AA76D5F8D5
:109140009402032873D1B1897068884214D9B18917
:109150007068401A7060B189306908443061B38921
:109160007068984201D9706800E0B08902462846CC
:109170003169FFF742FC5AE095F8AA0200F01F009F
:1091800020B1012804D0022812D109E0002411E006
:1091900040F2AE20415D2846FFF72CFC044609E072
:1091A00040F2AE20415D2846FFF721FC044601E075
:1091B000002400BF00BF94B995F89C0203280ED18B
:1091C00005F52E7050F82400006940B1C5F8D4426E
:1091D00005F52E7050F82400016928468847284676
:1091E000FFF765FC23E007F07F012846FFF7FFFB50
:1091F0000446FF2C1BD0D4B995F89C02032810D14B
:1092000005F52E7050F82400806950B1C5F8D4429D
:1092100005F52E7050F8240039468269284690479B
:109220008046B8F1000F02D04046BDE8F08700202C
:10923000FBE701460020704770B504460025012079
:1092400084F89C02D4F8B80238B12179D4F8B80275
:1092500042682046904700B10325284670BD70B58E
:1092600004460D462946D4F8C802FAF700FA70BD44
:1092700010B50446207800282AD11648C0F8E044EA
:10928000C4F8C8024FF0A0401249086004200871D9
:1092900002211048C1710021817102214172002117
:1092A0008172C17201738173C173FAF735FE08B11F
:1092B000F8F739FF80210748FAF7EBF84022002140
:1092C0000448FAF7EBF8802201210248FAF7E6F8A1
:1092D000002010BDD47B002010B50246D2F8C83261
:1092E00001F08000802809D101F07F0000EBC0046C
:1092F00003F1140000EB8400807810BD01F07F00C2
:1093000000EBC00403F5157000EB84008078F4E7EF
:1093100070B504460D4604F52E70D4F8D41250F8FA
:10932000210008B9032070BD94F89C02032811D1D4
:1093300004F52E70D4F8D41250F82100006A48B118
:1093400004F52E70D4F8D41250F821002946026A90
:10935000204690470020E6E770B504460D4604F528
:109360002E70D4F8D41250F8210008B9032070BD33
:1093700094F89C02032811D104F52E70D4F8D4126D
:1093800050F82100406A48B104F52E70D4F8D41288
:1093900050F821002946426A204690470020E6E71F
:1093A0002DE9F04704460F4615461E464FF00008CB
:1093B000C1462B4632463946D4F8C802FAF762F95C
:1093C00080464046FFF7CFFD81464846BDE8F0871E
:1093D0002DE9F04704460D4616461F464FF000089B
:1093E000C1463B4632462946D4F8C802FAF791F9FD
:1093F00080464046FFF7B7FD81464846BDE8F08706
:1094000070B504460025012084F89C020020C4F8B1
:1094100094026060C4F8A40284F8A002D4F8B802F0
:1094200058B1D4F8B802406838B12179D4F8B802FC
:1094300042682046904700B1032540230022114690
:109440002046FFF7ADFF012140F263100155402196
:10945000C01E01534023002280212046FFF7A0FFB9
:1094600001212320015540212184284670BD014659
:1094700091F89C02042803D191F89D0281F89C0286
:109480000020704710B5044694F89C0203280BD1C5
:10949000D4F8B80240B1D4F8B802C06920B1D4F809
:1094A000B802C16920468847002010BD02461174E9
:1094B000002070472DE9F04104460D4600260027A4
:1094C0002946D4F8C802FAF751FE06463046FFF79F
:1094D0004AFD07463846BDE8F08170B504460D46A2
:1094E000294604F2AA2000F07BF80120C4F8940277
:1094F0004FF42C70005BC4F8980294F8AA0200F0B4
:109500001F0020B1012809D0022815D10DE004F276
:10951000AA21204600F088F9064616E004F2AA21A6
:10952000204600F01AFB06460FE004F2AA2120466E
:1095300000F0D1F9064608E094F8AA0200F0800194
:10954000204600F005F8064600BF00BF304670BD5B
:109550002DE9F04104460D46002600272946D4F89F
:10956000C802FAF7F9F806463046FFF7FCFC074652
:109570003846BDE8F08170B5044600250026D4F8D1
:10958000C802FAF716FE05462846FFF7ECFC064629
:10959000304670BD014691F89C02042803D091F832
:1095A0009C0281F89D02042081F89C0200207047F3
:1095B0002DE9F04704460D4616461F464FF00008B9
:1095C000C1463B4632462946D4F8C802FAF709F9A3
:1095D00080464046FFF7C7FC81464846BDE8F08715
:1095E00070B505460E46344620782870641C2078F5
:1095F0006870641C2046FEF7DBF96880641C641CFC
:109600002046FEF7D5F9A880641C641C2046FEF7AE
:10961000CFF9E88070BD38B504460D4600200090B3
:109620000DB9032038BDC4F8B85204F52E70D4F833
:10963000D41250F82100C06A50B104F52E70D4F84D
:10964000D42250F82200C16A68468847C4F8D00284
:10965000D4F8D802401CC4F8D8020020E2E7014642
:109660000020704770B504460D46A88810BBE888F6
:1096700000BB688880281DD2A87800F07F0694F887
:109680009C02032804D129462046FFF7CEF915E0B5
:1096900084F89E6231462046FFF70CFF2046FFF714
:1096A00006FA1EB1022084F89C0207E0012084F82B
:1096B0009C0203E029462046FFF7B7F970BD70B55C
:1096C00004460D460026D4F8B80230B1D4F8B802EA
:1096D00029460268204690470646304670BD000085
:1096E00070B504460E460025B0783D49087008461E
:1096F0000078012805D931462046FFF796F9032066
:1097000070BD94F89C02022802D0032859D11FE0B2
:1097100033480078C0B13248007860603048017842
:109720002046FFF7CCFF05463DB131462046FFF706
:109730007CF9022084F89C0209E02046FFF7B7F983
:10974000032084F89C0202E02046FFF7B0F943E0D2
:109750002348007870B9022084F89C0220480078E1
:1097600060601F4801782046FFF714F92046FFF794
:109770009EF925E01A490978606888421DD0217950
:109780002046FFF707F91648007860601448017812
:109790002046FFF794FF05465DB131462046FFF7AE
:1097A00044F921792046FFF7F5F8022084F89C025D
:1097B00006E02046FFF77BF902E02046FFF777F945
:1097C0000AE031462046FFF730F905480178204687
:1097D000FFF7E0F8032500BF00BF284690E7000030
:1097E00054C1012070B505460C466088012805D19A
:1097F000C5F8A4022846FFF75AF90EE0608802284F
:1098000007D1A088001285F8A0022846FFF74FF97B
:1098100003E021462846FFF708F970BD10B504465D
:109820002046FFF7A8FE10BD70B504460D46002681
:10983000287800F0600088B1202802D0402842D16A
:1098400000E000BF04F52E70D4F8D41250F82100C7
:109850002946826820469047064639E068780A28FB
:109860002AD2DFE800F01A24291F290A0529150F3A
:1098700029462046FFF7DBF923E029462046FFF77B
:10988000F1FE1EE029462046FFF72AFF064618E0B3
:1098900029462046FFF7A0F913E029462046FFF7A6
:1098A00001FB0EE029462046FFF79CFF09E0294610
:1098B0002046FFF77DF804E029462046FFF7B5F87B
:1098C00000BF00BF04E029462046FFF7AEF800BF06
:1098D00000BF304670BD2DE9F04705460F464FF0FA
:1098E00000093C79387800F06000F8B1202802D0F7
:1098F00040287DD100E000BF21462846FFF777F8D9
:109900000646FF2E11D086B9C5F8D46205F52E7033
:1099100050F82600806840B105F52E7050F82600FA
:109920003946826828469047814612E178780028B7
:109930007AD001282FD003286ED195F89C020228F6
:1099400002D0032820D110E054B1802C08D0214649
:109950002846FFF7FDFD80212846FFF7F9FD03E0CB
:1099600039462846FFF761F813E0788840B93CB1E2
:10997000802C05D0F88818B921462846FFF7E8FD65
:109980002846FFF794F804E039462846FFF74DF8DB
:1099900000BF00BFD6E095F89C02022802D0032841
:1099A0003BD110E054B1802C08D021462846FFF767
:1099B000CFFD80212846FFF7CBFD03E0394628463E
:1099C000FFF733F82EE0788820BB04F07F0018B151
:1099D00021462846FFF7FAFA2846FFF768F821469D
:1099E0002846FFF704F80646FF2E13D096B900E08C
:1099F000AAE0C5F8D46205F52E7050F826008068FC
:109A000040B105F52E7050F8260039468268284688
:109A10009047814606E007E08FE039462846FFF789
:109A200004F800BF00BF8DE095F89C02022802D028
:109A300003287BD127E034B1802C04D03946284656
:109A4000FEF7F3FF77E004F08000802808D104F0EF
:109A50007F0000EB800105F1140000EB810007E0BE
:109A600004F07F0000EB800105F5AA7000EB810097
:109A70008046002088F80E00022208F10E012846D8
:109A8000FFF703F857E004F0800080280ED104F0BF
:109A90000F0000EB800105F1140000EB8100C07B9A
:109AA00098B939462846FEF7C0FF44E004F00F009D
:109AB00000EB800105F5AA7000EB8100C07B20B9A6
:109AC00039462846FEF7B1FF35E004F080008028D3
:109AD00008D104F07F0000EB800105F1140000EBD9
:109AE000810007E004F07F0000EB800105F5AA701B
:109AF00000EB810080460CB1802C03D1002088F857
:109B00000E000CE021462846FFF7E6FB20B10120BD
:109B100088F80E0003E009E0002088F80E00022219
:109B200008F10E012846FEF7B0FF04E0394628464A
:109B3000FEF77BFF00BF00BF04E039462846FEF772
:109B400074FF00BF00BF04E039462846FEF76DFFF2
:109B500000BF00BF4846BDE8F0872DE9F04105464B
:109B60000E460027307800F0600030B1202802D087
:109B7000402840D100E000BF00BF95F89C020128BA
:109B800004D0022803D003282ED101E000BF00BF7B
:109B90003079012823D831792846FEF72BFF044677
:109BA000FF2C14D09CB905F52E7050F82400806865
:109BB00058B1C5F8D44205F52E7050F8240031464E
:109BC000826828469047074602E0032700E0032703
:109BD000F08840B93FB92846FEF769FF03E03146F7
:109BE0002846FEF722FF04E031462846FEF71DFF17
:109BF00000BF00BF04E031462846FEF716FF00BF55
:109C000000BF3846BDE8F0817047000001460148BA
:109C100070470000B880002070B504460B4622460D
:109C20001978587801282CD140F61C0080581D78EE
:109C300005F00F060125B540ADB2284340F61C05DE
:109C4000A85002F5106000EB4110006800F40040DD
:109C5000F0BB1889C0F30A001D7940EA854040EA4C
:109C6000815040F0805040F4004002F5106505EB53
:109C700041152D68284302F5106505EB4115286054
:109C80002DE040F61C0080581D7805F00F060125D8
:109C9000B540144E06EA0545284340F61C05A85079
:109CA00002F5306000EB4110006800F4004078B924
:109CB0001889C0F30A001D7940EA854040F08050C1
:109CC00040F4004002F5306505EB41152D6800E0D9
:109CD00005E0284302F5306505EB411528600020BA
:109CE00070BD00000000FFFF01460A464FF41060FF
:109CF0008058C30ADB024FF41060835040F6040022
:109D0000805840F4807340F6040083500020704770
:109D10000FB470B504469DF81900012818D1A06B46
:109D200020F48030A063E0681B490840E060E068F0
:109D300020F44010E0609DF82000012803D1E06885
:109D400040F48010E060204600F028F8054613E05B
:109D5000E06840F04000E060204600F01FF8054653
:109D60009DF81D0020B9A06B40F48030A06303E093
:109D7000A06B20F48030A0639DF81600012807D165
:109D8000A06840F00600A060A06840F02000A0603D
:109D9000284670BC5DF814FBBFFFBDFF08B5014647
:109DA0000020009000BF0098401C00900098B0F187
:109DB000706F01D9032008BD086900F00040002839
:109DC000F1D00A20009002E00098401E0090009818
:109DD0000028F9D1086940F00100086100BF00982F
:109DE000401C00900098B0F1706F01D90320E2E7A9
:109DF000086900F001000028F1D100BFDBE7000096
:109E000070B504460B46224619785878012848D187
:109E100002F5106000EB4110006800F00040B0F166
:109E2000004F17D102F5106000EB4110006840F0C0
:109E3000006502F5106000EB4110056002F510604E
:109E400000EB4110006840F0804502F5106000EB27
:109E50004110056040F63C0080581D7805F00F0663
:109E60000125B540ADB2A84340F63C05A85040F6E8
:109E70001C0080581D7805F00F060125B540ADB2D5
:109E8000A84340F61C05A85002F5106000EB4110F5
:109E900000682B4D284002F5106505EB4115286040
:109EA0004BE002F5306000EB4110006800F000402C
:109EB000B0F1004F17D102F5306000EB411000689F
:109EC00040F0006502F5306000EB4110056002F5DE
:109ED000306000EB4110006840F0804502F53060D2
:109EE00000EB4110056040F63C0080581D7805F0FD
:109EF0000F060125B540134E06EA0545A84340F676
:109F00003C05A85040F61C008558187800F00F0654
:109F10000120B0400B4E06EA0040854340F61C008D
:109F2000855002F5306000EB41100068064D284076
:109F300002F5306505EB41152860002070BD00007A
:109F4000007833EC0000FFFF0078F3EF01460A468B
:109F5000D2F8000E20F00300C2F8000E40F6040014
:109F6000805820F0020340F6040083500020704720
:109F700001460A46D2F8000E20F00300C2F8000E97
:109F800040F60400805840F0020340F6040083507D
:109F9000002070470FB4F0B5054600272E46002478
:109FA00005E0002105F5827040F82410641C0F2C98
:109FB000F7D39DF82200A0B940F60400805940F084
:109FC000020140F604008151A86B40F40010A86320
:109FD000A86B20F40020A863A86B20F48020A8635D
:109FE00007E0A86B20F40010A863A86B40F40020E1
:109FF000A8630020C6F8000E9DF81D0001280CD1B2
:10A000009DF81B0020B90021284600F044FD08E01F
:10A010000121284600F03FFD03E00321284600F01F
:10A020003AFD1021284600F002FC00B10127284625
:10A0300000F0D5FB00B1012700214FF401608151F0
:10A04000001D815140F61C00815100242EE006F5D0
:10A05000106000EB4410006800F00040B0F1004FC9
:10A0600010D13CB94FF0006106F5106000EB4410D0
:10A0700001600DE04FF0904106F5106000EB4410D8
:10A08000016005E0002106F5106000EB441001605E
:10A09000002106F5106000EB441001614FF67F319E
:10A0A00006F5106000EB44108160641C9DF81800F8
:10A0B000A042CCD800242EE006F5306000EB44101E
:10A0C000006800F00040B0F1004F10D13CB94FF0F3
:10A0D000006106F5306000EB441001600DE04FF0C8
:10A0E000904106F5306000EB4410016005E000216E
:10A0F00006F5306000EB44100160002106F5306089
:10A1000000EB441001614FF67F3106F5306000EB43
:10A1100044108160641C9DF81800A042CCD84FF414
:10A120000160805920F480714FF40160815100205A
:10A13000A8616FF0804068619DF81A0018B9A8699D
:10A1400040F01000A861A8690A490843A8619DF879
:10A150001E0018B1A86940F00800A8619DF822000F
:10A16000012803D1A86904490843A8613846F0BC16
:10A170005DF814FB00383C8004000040014688680C
:10A1800020F00100886000207047000070B5034691
:10A190000C4619461D6C1848854209D94FF43060A9
:10A1A000405800F00040B0F1004F01D1002070BDD8
:10A1B0000026C1F8106BD1F8100B40F40026C1F84E
:10A1C000106BD1F8100B40F01806C1F8106BD1F8E5
:10A1D000100B40F0C046C1F8106B012C09D1C1F83A
:10A1E000142B4FF43060405840F080264FF430601C
:10A1F00046500020DBE700000A30544F30B50446DB
:10A200000B4622461978587801281ED102F51060B5
:10A2100000EB4110006820F4001502F5106000EB1F
:10A22000411005601879032802D0187902282AD134
:10A2300002F5106000EB4110006840F0805502F517
:10A24000106000EB411005601DE002F5306000EB8E
:10A250004110006820F4001502F5306000EB411059
:10A2600005601879032802D0187902280BD102F56D
:10A27000306000EB4110006840F0805502F530601E
:10A2800000EB41100560002030BD30B504460B46A0
:10A29000224619785878012821D102F5106000EB88
:10A2A0004110006800F0004060B959B102F510603B
:10A2B00000EB4110006820F0804502F5106000EBD3
:10A2C0004110056002F5106000EB4110006840F499
:10A2D000001502F5106000EB4110056020E002F56A
:10A2E000306000EB4110006800F0004060B959B1E7
:10A2F00002F5306000EB4110006820F0804502F567
:10A30000306000EB4110056002F5306000EB411059
:10A31000006840F4001502F5306000EB4110056064
:10A32000002030BD2DE9F84381460E4690464D464B
:10A330003478707801287DD1306920BB05F5106034
:10A3400000EB44100069E649084005F5106101EB97
:10A350004411086105F5106000EB4410006940F4F9
:10A36000002105F5106000EB4410016105F5106057
:10A3700000EB44100069C10CC90405F5106000EB46
:10A38000441001616FE005F5106000EB44100069B6
:10A39000C10CC90405F5106000EB4410016105F51E
:10A3A000106000EB44100069CD49084005F51061CC
:10A3B00001EB4411086194B9B1683069884201D950
:10A3C000B068306105F5106000EB4410006940F49E
:10A3D000002105F5106000EB4410016135E0B16823
:10A3E00030690844401EB0FBF1F087B205F51060FB
:10A3F00000EB44100069BA49C94301EAC741084368
:10A4000005F5106101EB44110861307901281CD178
:10A4100005F5106000EB4410006920F0C04105F51F
:10A42000106000EB4410016105F5106000EB441072
:10A43000006900E099E04FF0C04101EA477108432C
:10A4400005F5106101EB4411086105F5106000EBA2
:10A45000441000693169C1F31201084305F5106128
:10A4600001EB44110861B8F1010F36D1F06928B150
:10A4700005F5106000EB4410F16941613079012865
:10A480001ED140F60800405900F4807060B905F50F
:10A49000106000EB4410006840F0005105F51060BA
:10A4A00000EB441001600BE005F5106000EB441078
:10A4B000006840F0805105F5106000EB4410016029
:10A4C00005F5106000EB4410006840F0044105F50C
:10A4D000106000EB44100160FEE005F5106000EB39
:10A4E0004410006840F0044105F5106000EB441092
:10A4F0000160307901280FD030690028ECD040F697
:10A5000034004059317801F00F0201219140084395
:10A5100040F634014851DFE040F60800405900F4AD
:10A52000807060B905F5106000EB4410006840F0E1
:10A53000005105F5106000EB441001600BE005F5DB
:10A54000106000EB4410006840F0805105F5106089
:10A5500000EB44100160CDF80080308A83B232787D
:10A560004846F16800F020FBB6E005F5306000EBEE
:10A5700044100069C10CC90405F5306000EB4410BB
:10A58000016105F5306000EB441000695449084052
:10A5900005F5306101EB4411086104BB306908B175
:10A5A000B0683061B068306205F5306000EB44108F
:10A5B0000069316AC1F31201084305F5306101EB0E
:10A5C0004411086105F5306000EB4410006940F467
:10A5D000002105F5306000EB4410016143E0306973
:10A5E000D0B905F5306000EB44100069B168C1F3E3
:10A5F0001201084305F5306101EB4411086105F5CE
:10A60000306000EB4410006940F4002105F5306033
:10A6100000EB4410016126E0B16830690844401E37
:10A62000B0FBF1F087B2B0687843306205F5306076
:10A6300000EB441000692A49C94301EAC7410843B5
:10A6400005F5306101EB4411086105F5306000EB60
:10A6500044100069316AC1F31201084305F5306105
:10A6600001EB44110861B8F1010F07D1F06828B17E
:10A6700005F5306000EB4410F16841613079012844
:10A680001ED140F60800405900F4807060B905F50D
:10A69000306000EB4410006840F0005105F5306078
:10A6A00000EB441001600BE005F5306000EB441056
:10A6B000006840F0805105F5306000EB4410016007
:10A6C00005F5306000EB4410006840F0044105F5EA
:10A6D000306000EB441001600020BDE8F88300000A
:10A6E000FFFF07E078B503460024009400201A46D7
:10A6F0004C78012C35D10C7802F5106505EB44142B
:10A70000246804F00044B4F1004F60D10C7805EBEC
:10A710004414246844F000660C7805EB4414266069
:10A720000C7805EB4414246844F080460C7805EB63
:10A730004414266000BF009C641C009442F2107513
:10A74000009CAC4201D901200AE00C7802F51065AA
:10A7500005EB4414246804F00044B4F1004FEAD03F
:10A7600035E00C7802F5306505EB4414246804F0FC
:10A770000044B4F1004F2AD10C7805EB441424684E
:10A7800044F000660C7805EB441426600C7805EB69
:10A790004414246844F080460C7805EB4414266089
:10A7A00000BF009C641C009442F21075009CAC42F7
:10A7B00001D901200AE00C7802F5306505EB44145C
:10A7C000246804F00044B4F1004FEAD000BF78BD23
:10A7D0000146886840F0010088600020704708B595
:10A7E00001460020009000BF0098401C0090009897
:10A7F000B0F1706F01D9032008BD086900F0004076
:10A800000028F1D0002000901020086100BF0098BF
:10A81000401C00900098B0F1706F01D90320EBE765
:10A82000086900F010001028F1D00020E4E708B516
:10A8300002460020009000BF0098401C0090009845
:10A84000B0F1706F01D9032008BD106900F000401D
:10A850000028F1D000200090202040EA81101061F3
:10A8600000BF0098401C00900098B0F1706F01D9B3
:10A870000320E9E7106900F020002028F1D0002033
:10A88000E2E710B501460B4640F60804E45804F030
:10A8900006020AB9002006E0022A01D0062A01D1E8
:10A8A000022000E00F2010BD0146486900F00100C1
:10A8B000704708B503E09DF8000000F01BFF6846F4
:10A8C000FCF796FF0028F6D108BD01460B4640F67E
:10A8D0001800C258001DC058024090B2704701468F
:10A8E0000B4640F61800C258001DC0580240100C1C
:10A8F000704770B5024613464FF40166F45840F6AF
:10A900003406F55801F00F0625FA06F606F00106A2
:10A9100044EAC61403F5106606EB4116B66806EA6B
:10A92000040070BD10B50246134603F5306404EB15
:10A930004114A06840F61404E458204010BD0146BC
:10A9400048698A69104070472DE9F04104460D4678
:10A95000274628464FEA920C02F0030300210AE042
:10A960004FF4805858F80780C0F80080401C401C05
:10A97000401C401C491C6145F2D39BB100214FF49F
:10A98000805858F8076000BF4FEAC10826FA08F857
:10A9900080F80080491C401CA3F101081FFA88F3CD
:10A9A000002BF1D1BDE8F08170B505460C46FCB135
:10A9B000002012E00F4A1268521CC2F309010E4A2D
:10A9C0001268914207D02A5C0C4B0A4E36689A55A1
:10A9D000084A116000E002E0401CA042EAD300BF38
:10A9E0000748006820B121462846054A126890476A
:10A9F00070BD0000C8C00120CCC001206C0E00203A
:10AA0000D0C0012070B504460E460025E06820F055
:10AA1000C040E060012E10D1E06840F00050E060DE
:10AA200000BF0A20F8F7FEFA0A352046FFF73CFF80
:10AA3000012815D0C82DF4D312E07EB9E06840F0AB
:10AA40008040E06000BF0A20F8F7ECFA0A352046A3
:10AA5000FFF72AFF20B1C82DF5D301E0012070BD1A
:10AA6000C82D01D10120FAE70020F8E710B5024611
:10AA70000B461146D1F8000820F4FE60C1F800082A
:10AA8000D1F800084FF4FE6404EA03142043C1F82F
:10AA90000008002010BD02461346D3F80008084302
:10AAA000C3F800080020704730B503461446022C56
:10AAB00049D12D48814204D32C48814201D20F2232
:10AAC00045E02A48814204D32948814201D20E221E
:10AAD0003DE02748814204D32648814201D20D221D
:10AAE00035E02448814204D32348814201D20C221C
:10AAF0002DE02148814204D32048814201D20B221B
:10AB000025E01E48814204D31D48814201D20A2219
:10AB10001DE01B48814204D31A48814201D2092218
:10AB200015E01848814204D31748814201D2082217
:10AB30000DE01548814204D31448814201D2072216
:10AB400005E0062203E00CB9092200E00922D868DA
:10AB500020F47050D860D8684FF4705505EA82250B
:10AB60002843D860002030BDC0ACD800C0E1E4006C
:10AB70000024F40080730601A0491A01002D310160
:10AB800040A44C0100366E0120ABA6010048E8014C
:10AB900070B504460D4604B10DB9032070BD2946B9
:10ABA0002046F6F70DFEF9E72DE9F04304460D4681
:10ABB0001E46DDF81CC0A0462946BCF1000F12D18C
:10ABC000F01C870800230CE0D1F8009008F58050B5
:10ABD00000EB0230C0F80090491C491C491C491C7C
:10ABE0005B1CBB42F0D30020BDE8F08300BFFEE752
:10ABF00000BFFFF75EFEFCE74100080218BF04201B
:10AC00000A0E18BF40F001004FF07F4232EA010106
:10AC100008BF40F00200012808BF0520704700006F
:10AC200002480068C0F30220704700000CED00E00D
:10AC300010B5002804DB0A07130E054A135406E07A
:10AC40000A07140E034A00F00F031B1FD45410BD53
:10AC500000E400E018ED00E010B54FF00E402DEDDF
:10AC6000028BB0EE408A18EE104A00EB4400B0F1BF
:10AC7000506F4AD84FF0FC40B0EB440F22D2B0EEF8
:10AC8000C80AF7EE000A30EEC00AF6EE000A60EEDF
:10AC9000208A18EE900A01F0D7F901EE100A14F09C
:10ACA000004F1DBFDFED2D0A9FED2D0AB1EE411AB9
:10ACB000DFED2C0A08BF9FED2C0AF8EE001A21EEFA
:10ACC000218A05E0DFED290A68EE088AB0EE600A05
:10ACD0009FED271ADFED271A30EE080A48EE811A99
:10ACE0009FED251A08EEA11ADFED241A48EE811A0D
:10ACF0009FED231A08EEA11A68EE281ABDEC028B0C
:10AD000001EE810A30EE200A10BD4FF0E440B0EBB6
:10AD1000440F0CD918EE100AFFF76EFF042808BF85
:10AD200000F094F9B0EE480ABDEC028B10BD4FF074
:10AD30007F40B0EB440F07D2B0EE480ABDEC028B67
:10AD4000BDE8104000F074B90120F5F7F9FCBDEC46
:10AD5000028BBDE8104000F071B900000000C9BFCF
:10AD600022AAFDB90000C93F22AAFD390000000057
:10AD700024FE1C3DC78AD83C1E67383D1B93993D75
:10AD8000AFAA2A3E70B54FF068422DED048BF0EE6D
:10AD9000408A18EE900AB0EE608A18EE101A02EBA4
:10ADA0004003B3F1654F3CBF02EB4102B2F1654F86
:10ADB0007DD200BFC0F3C753C1F3C7529A1A1B2AF2
:10ADC00009DD10F0004F14BF9FED830A9FED830A49
:10ADD000BDEC048B70BD12F11A0F36DA11F0004F82
:10ADE00009D010F0004F0CBF9FED7D0A9FED7D0A4A
:10ADF000BDEC048B70BD88EE889A19EE100AFFF73F
:10AE0000FBFE042808BF00F021F918EE900AFFF7B6
:10AE1000F3FE054618EE100AFFF7EEFE044619EEA3
:10AE2000100AFFF7E9FE042D18BF052D08D1042CE8
:10AE300018BF052C04D1002804BF0220F5F780FCC0
:10AE4000B0EE490ABDEC048B70BD4200B2EB410F7D
:10AE50003AD910F0004F19BFDFED630A9FED630A86
:10AE6000DFED630A9FED630AB0EE481A0A46B1EEC1
:10AE7000688A80F00041F0EE418A10460A1A5200BA
:10AE8000B2F1807F34D2484010F0004FDFED5A1A03
:10AE90009FED5A2A1DBFBEEE001A70EEE10A30EE99
:10AEA000420AB6EE001A08BF70EEA10A00E040E0C8
:10AEB00008BF30EE020AB0EE682A01EE482A08EE1A
:10AEC000818AC2EE081A15E011F0004F04BF9FED11
:10AED0004C0AF0EE400AD1D010F0004F19BFDFED60
:10AEE000490A9FED490ADFED490A9FED490AC5E786
:10AEF000C8EE881A21EEA11A9FED462ADFED462AF8
:10AF000041EE022A9FED452A01EE222ADFED442A76
:10AF100041EE022A9FED432ABDEC048B01EE222A6A
:10AF200021EE811A01EE020A30EE210A30EE200AEB
:10AF300070BD4FF07F42B2EB400F28BFB2EB410F24
:10AF400009D2F0EE480AB0EE680ABDEC048BBDE809
:10AF5000704000F070B840EA01035B0008BF41F0A8
:10AF6000FF410BD0B2EB400F08BFB2EB410F08D14D
:10AF700020F0804008EE900A21F0804108EE101A7F
:10AF800018E7B2EB400F12BF5FEA410340F0FF4009
:10AF900001F000413FF40EAFB2EB410F12BF5FEA88
:10AFA000400200F0004041F0FF413FF403AF4A008F
:10AFB00092EA40033FF5FEAE002AACBF9FED1A0AAD
:10AFC0009FED1A0A68EE808A28EE008A18EE900A31
:10AFD00018EE101AEEE60000DB0FC9BFDB0FC93F09
:10AFE000DB0F4940DB0F49C00000C9BF22AAFDB9F1
:10AFF0000000C93F22AAFD390060ED3EC30ACE37EA
:10B0000000000000000049C022AA7DBA00004940AB
:10B0100022AA7D3A2DAD65BD8FB8D53D0FB511BEC5
:10B0200061C84C3EA8AAAABE0000804F0000802F35
:10B0300030EE000A704730EE200A7047DFED020A5A
:10B0400080EEA00A70470000000000009FED020A99
:10B0500020EE000A704700000000001010B500F05C
:10B0600007F8F6F7D1FB10BD10B500F01BF810BDC6
:10B0700010B59FED080A08480068F6F72CFD4FF45C
:10B0800000610648F8F7DCF805490860FBF7F0FCBA
:10B0900010BD000000606A46ECC0012000100240B4
:10B0A000F4C0012010B5A820F6F736FE0448FCF7DE
:10B0B00067FB0449086000F02BF800F005F810BDAC
:10B0C0005C070020F0C0012000B5ADF50D7D4FF408
:10B0D0008C720B4947A8F5F736FA47A8F6F774FCC7
:10B0E000084908604FF48C72074901A8F5F72BFA5C
:10B0F00001A8F6F769FC054908600DF50D7D00BD56
:10B10000DCD10008E8C00120F4D20008ECC0012026
:10B1100000B587B01822114901A8F5F714FA01A863
:10B12000F7F704F80E49086002208DF8100001A816
:10B13000F6F7FCFF0B49086003208DF8100001A80A
:10B14000F6F7F4FF0849086004208DF8100001A804
:10B15000F6F7ECFF0549086007B000BDC4D1000850
:10B16000D8C00120DCC00120E0C00120E4C00120E3
:10B1700090ED0D0AD0ED110A20EE200AB5EEC00ABE
:10B18000F1EE10FA53DD90ED0D0AB5EEC00AF1EEC6
:10B1900010FA02DD90ED0D0A03E090ED0D0AB1EE1C
:10B1A000400AD0ED080AB4EEE00AF1EE10FA00D839
:10B1B000704790ED070AD0ED080A70EE200A90ED76
:10B1C0000D0AB5EEC00AF1EE10FA02DD90ED0D0A9F
:10B1D00003E090ED0D0AB1EE400AF4EEC00AF1EE84
:10B1E00010FA20DBD0ED070A90ED0D0AB5EEC00A8B
:10B1F000F1EE10FA02DD90ED0D0A03E090ED0D0A7C
:10B20000B1EE400A30EEC00AD0ED080A30EE200A56
:10B2100090ED071AC0EE010A90ED130A20EE800AA5
:10B2200080ED130A03E09FED030A80ED130A00BFCF
:10B23000BEE700000000000090ED120AD0ED190AF0
:10B2400060EE200A90ED0A0A90ED191A30EE011A0C
:10B2500080EE810AD0ED160A90ED0A1A60EE810A9E
:10B2600090ED0A1AD0ED191A31EE211AC0EE811AAA
:10B2700030EE210A80ED120A704790ED0C0AD0EDF5
:10B280000B0A30EE600AD0ED020A20EE200AD0ED63
:10B29000190A80EE201A80ED121A704790ED110AFB
:10B2A000D0ED130A30EE200A2E4981ED000A90ED10
:10B2B000100AD0ED110A30EE200AD0ED120A30EE5D
:10B2C000200A294981ED000A91ED000AB5EEC00A75
:10B2D000F1EE10FA02DD91ED000A04E0224991ED51
:10B2E000000AB1EE400AD0ED030AB4EEE00AF1EE36
:10B2F00010FA0EDD90ED0D0AD0ED110A20EE200AB5
:10B30000B5EEC00AF1EE10FA03DD9FED180A80EDEC
:10B31000130A90ED060A1349D1ED000AB4EEE00AD3
:10B32000F1EE10FA07D29FED110A80ED130A90EDAD
:10B33000060A80ED110A90ED060AB1EE400A0949AD
:10B34000D1ED000AB4EEE00AF1EE10FA09DD9FED4E
:10B35000070A80ED130A90ED060AB1EE400A80ED6F
:10B36000110A70471800002014000020000000009F
:10B3700090ED140AD0ED190A60EE200A90ED090A4A
:10B3800090ED191A30EE011A80EE810AD0ED150AFF
:10B3900090ED091A60EE810A90ED091AD0ED191AA4
:10B3A00031EE211AC0EE811A30EE210A80ED140A26
:10B3B000704790ED140AD0ED030AB4EEE00AF1EE06
:10B3C00010FA03DD90ED030A80ED140A90ED140AE3
:10B3D000D0ED030AF1EE600AB4EEE00AF1EE10FAE5
:10B3E00005D290ED030AB1EE400A80ED140A7047D1
:10B3F00010B52DED028B0446D4ED140AB0EE600AB0
:10B4000000F096F8D4ED030A9FED251A60EE810A4C
:10B41000B4EEE00AF1EE10FA0CD3D4ED170AB0EE58
:10B42000600A00F085F8DFED1F0AB4EEE00AF1EEE5
:10B4300010FA02D2BDEC028B10BDD4ED170A94EDC8
:10B440000B1A70EEC10AB0EE600A00F071F8B0EEAF
:10B45000408AD4ED170AB0EE600A00F069F8C8EE31
:10B46000000A9FED110AF4EEC00AF1EE10FA07DDB2
:10B47000D4E91A20521C40F10000C4E91A2002E06D
:10B480000020A066E0664FF4FA730020D4E91A2188
:10B490009A1A884102D201217020015500BFC9E7E4
:10B4A0006F12833A17B7D1383333733F10B52DED90
:10B4B0000C8B044694ED190A10EE101A084601F0A0
:10B4C000ADFC41EC190B94ED0D0AD4ED0E0A30EEF3
:10B4D000200A10EE101A084601F0A0FC41EC1D0BEA
:10B4E0009FED110B53EC102B01F042FA41EC1B0BBA
:10B4F00094ED010A10EE101A084601F08FFC41ECA1
:10B500001C0B53EC1B2B01F08BFB41EC1A0B53EC87
:10B51000192B01F085FB41EC180B01F0F7F9E06401
:10B52000BDEC0C8B10BD00000000000000000040CE
:10B53000F0EE400AB0EEE00A7047F0EE401AF4EE8A
:10B54000E01AF1EE10FA02D2B0EE600A7047F4EEA3
:10B55000C11AF1EE10FA02DDB0EE410AF6E7B0EEE4
:10B56000610AF3E7FDEEC00A0E48C0ED000AD0ED17
:10B57000000AF8EEE00A70EE600A0B48C0ED000A1F
:10B58000D0ED000AB6EE001AF4EEC10AF1EE10FAA0
:10B5900004DD04480068401C024908600148006856
:10B5A00070470000BCC00120C0C00120F0EE400A7E
:10B5B000F6EE001A60EEA11AB0EE611AB0EE600A63
:10B5C00010EE100A0749A1EB600000EE100A21EE10
:10B5D000002AF7EE081A42EE401A61EE801AB0EE29
:10B5E000610A7047865A375FF7F74AFEFCF704FA9C
:10B5F000FBF7A6FBFBF722FBFBF7DCFAFBF7FCFAF9
:10B60000FBF760FDFBF7CCFCFBF7EEFCFBF722FD44
:10B61000FBF776FDFBF73AFDFFF726FDFBF752FB44
:10B6200000F034F800BFFEE701460020842901D075
:10B63000CA1C10447047000010B504462068054934
:10B64000086060684860A0688860F7F707FE0249F4
:10B65000086010BD600E0020C4C0012070470000CB
:10B6600010B50446F7F7FAFD0149086010BD000067
:10B67000C4C0012070B5044625460DB1294600E03E
:10B680000121084600F004FE002070BD10B500F056
:10B690002DFE002010BD7FB504460D46606998B1AF
:10B6A000A06988B1B4F90800FFF7BEFF0646D4E9E7
:10B6B0000510CDE9006102902B462269D4E9001003
:10B6C00000F0A0FF039013E0B4F90800FFF7ACFF0F
:10B6D000064603A8CDE90060238A9AB22B46D4E936
:10B6E000001000F05DFF012802D0002004B070BD02
:10B6F0000398FBE738B5044648480078062871D21D
:10B70000DFE800F0030C16213B545A2C05D1012030
:10B71000424908700020424908707DE0A52C03D101
:10B7200002203E49087002E000203C49087073E0A6
:10B730003C48047000783C49085C39490870032093
:10B740003649087068E03948047035480078374950
:10B75000097848403449085C314908700020344970
:10B76000088032480078002803DD04202B49087047
:10B7700002E00520294908704EE02D480188008824
:10B78000401C2B4A10802B484454254800786040C8
:10B790002549085C22490870104600882349097829
:10B7A000884202DB05201D49087035E01C480078FE
:10B7B000844229D11B48007820B101280AD00328EF
:10B7C00019D110E019480078042802D11948FFF770
:10B7D00045FF11E015480078012802D11548FFF710
:10B7E0003FFF09E014E0114800780C2802D111480D
:10B7F000FFF722FF00E000BF00BF0F480068009085
:10B80000684600F0EBFB00BF00200449087003E02D
:10B8100000200249087000BF00BF38BDCC020020E4
:10B82000D2020020D1020020B4D00008D0020020B3
:10B83000CE0200206C120020B4D100082DE9F041A6
:10B8400005460E461C4807681C480068001D00F0AD
:10B850001AFC50B91948006890F82C100120884053
:10B8600017490968814316480160681C38B936B128
:10B8700012480168091D134800F050FC1AE07C19B9
:10B880000E4800684460BC4207D20C480168091D9C
:10B890000D48006800F028FC0CE008480168091D0C
:10B8A0000A48006800F020FC09480068844201D280
:10B8B00007480460BDE8F08118C1012004C10120DF
:10B8C0001CC10120C41800200CC1012008C10120A6
:10B8D00034C1012010B5044600F02CFC2348006858
:10B8E000401C224908602248006840B92048046092
:10B8F0000846006801280DD100F03EF90AE01D4815
:10B90000006838B91A480068C06AE16A884201D8FC
:10B910001748046018480068401C1749086094F8EC
:10B920002C10012088401549096808431349086014
:10B93000E16A01EB8101124A02EB8100211D00F056
:10B94000EDFB00F021FC0B48006868B10848006876
:10B95000C06AE16A884207D24FF080500949086006
:10B96000BFF34F8FBFF36F8F10BD000014C10120D4
:10B9700004C1012020C1012030C101201CC10120CF
:10B98000E817002004ED00E010B516E000F0D2FB4F
:10B990000C48C068C468201D00F075FB0A480068A8
:10B9A000401E0949086009480068401E07490860B0
:10B9B00000F0EAFB204600F00BF80448006800287D
:10B9C000E4D110BDB018002014C1012010C1012025
:10B9D00010B5044694F8610030B9206B00F0F2FB1A
:10B9E000204600F0EFFB1AE094F86100012803D133
:10B9F000204600F0E7FB12E094F86100022801D134
:10BA0000012000E0002050B900BF502080F31188D1
:10BA1000BFF34F8FBFF36F8F00BF00BFFEE710BDB6
:10BA200030B544F62063174800F007042CB1C01D60
:10BA300020F00700134C041B1B1B0246124C226013
:10BA40000024114D6C60D018083820F007000F4C0E
:10BA5000206000240D4D2D686C600C4D2D682C600D
:10BA60001146441A4C60094C24680C60084D4C681F
:10BA70002C60084D4C682C604FF00044064D2C6043
:10BA800030BD0000D8180020D4020020DC020020C5
:10BA9000E4020020E0020020F002002000BFFFF7D7
:10BAA00073FF064800680128F9D94FF08050044917
:10BAB0000860BFF34F8FBFF36F8FF0E7E8170020E8
:10BAC00004ED00E02DE9FF5F81460E469246DDE978
:10BAD0000E7B109CAAF10100216B01EB800828F07D
:10BAE000070808F0070008B9012000E0002050B95D
:10BAF00000BF502080F31188BFF34F8FBFF36F8FCB
:10BB000000BF00BFFEE786B1002507E0715D04F1CC
:10BB100034004155705D00B902E06D1C202DF5D355
:10BB200000BF00215320015502E0002084F83400BA
:10BB3000072F00D30627E76267650020A065201D58
:10BB400000F0CFFA04F1180000F0CBFA2461C7F13D
:10BB50000700A06164620020E06584F86000494647
:10BB60004046039A00F050F92060BBF1000F01D06D
:10BB7000CBF80040BDE8FF9F10B5002407E004EBC0
:10BB800084010F4A02EB810000F09EFA641C072C2E
:10BB9000F5D30C4800F098FA0B4800F095FA0B48E2
:10BBA00000F092FA0A4800F08FFA0A4800F08CFA86
:10BBB00004480949086004480849086010BD0000AD
:10BBC000E817002074180020881800209C18002016
:10BBD000B0180020C418002008C101200CC10120A9
:10BBE00010B50146164800E0006803688B42FBD39D
:10BBF0000246436813448B4204D143684C68234493
:10BC0000436001460A464B6813440468A34211D1BD
:10BC10000C4C03682468A34208D04B68046864682D
:10BC200023444B6003681B680B6005E0054B1B68F1
:10BC30000B6001E003680B60884200D0016010BD1A
:10BC4000D4020020DC0200200A490968096809B909
:10BC5000012100E0002121B14FF0FF31064A1160BF
:10BC600006E004490968C968C868034A4168116068
:10BC70007047000008C1012034C101200E4800684F
:10BC8000401C08B9012000E0002050B900BF50203E
:10BC900080F31188BFF34F8FBFF36F8F00BF00BFDA
:10BCA000FEE700BF502080F31188BFF34F8FBFF332
:10BCB0006F8F00BF00BFFEE7F40200202DE9F041C6
:10BCC00004464FF0000800F069FB4948006808B9D5
:10BCD000FFF7A6FE474800682040002870D1D4B185
:10BCE000083404F00700B0B104F00700C0F1080008
:10BCF000044404F0070008B9012000E0002050B916
:10BD000000BF502080F31188BFF34F8FBFF36F8FB8
:10BD100000BF00BFFEE7002C52D0374800688442C5
:10BD20004ED8364E3046056801E02E462D686868CC
:10BD3000A04202D228680028F7D12D480068854229
:10BD40003ED0306800F10808286830606868001B41
:10BD5000102819D92F1907F0070008B9012000E0B1
:10BD6000002050B900BF502080F31188BFF34F8FDF
:10BD7000BFF36F8F00BF00BFFEE76868001B7860ED
:10BD80006C603846FFF72CFF1B4968680968081A81
:10BD9000194908600846006819490968884203D2B1
:10BDA0001548006816490860124968680968084320
:10BDB00068600020286013480068401C1149086032
:10BDC00000F022FD08F0070008B9012000E0002083
:10BDD00050B900BF502080F31188BFF34F8FBFF3DD
:10BDE0006F8F00BF00BFFEE74046BDE8F081000056
:10BDF000DC020020F0020020E0020020D40200203B
:10BE0000E4020020E8020020001F4FF0807303606E
:10BE1000001F21F001030360001F054B036014386D
:10BE20000260001F6FF002030360203870470000BB
:10BE30007DBC00082DE9F04704462078617840EA8F
:10BE40000120C0F30A00A0F5806063498880607813
:10BE5000C010A17840EA4110C0F30A00A0F580604C
:10BE60005D49C880A0788011E17840EA810021799D
:10BE700040EA8120C0F30A00A0F58060564908809E
:10BE800020794010617940EAC110C0F30A00A0F5A2
:10BE9000806051494880207C617C40EA0120C0F3E9
:10BEA0000A00A0F580604C490881FBF751FC6079DD
:10BEB000C0F301104849C872607900118008887287
:10BEC000A079E17940EA012000B243498881207AD3
:10BED000617A40EA012001B23F48C181A07AE17A4B
:10BEE00040EA012001B23C480182217B8174617BE0
:10BEF000C174A07BE17B40EA012037498882084673
:10BF0000007DC0F3401018B10846898AC18202E062
:10BF100031480021C1823048007DC0F3001020B1BB
:10BF20002D480146898A018302E02B4800210183C4
:10BF30002948878AB0F85E80C58A068BB0F8609081
:10BF4000B0F862A0002001213BE0042801D00528C0
:10BF500000D130E007EA010282B108EA01026AB9C1
:10BF600005EA010252B906EA01023AB91A4A1A323E
:10BF7000125C521CD3B2184A1A32135405EA010259
:10BF800052B109EA01023AB9134A2A32125C521C30
:10BF9000D3B2114A2A32135406EA010252B10AEA14
:10BFA00001023AB90C4A3A32125C521CD3B20A4A24
:10BFB0003A32135400BF4FF6FF7202EA4101421CAD
:10BFC00090B21028C1DB4A22034901F14A00F4F77C
:10BFD00075FABDE8F08700008C090020FEB5054623
:10BFE0005A208DF80000A5208DF8010000208DF862
:10BFF000020004208DF803002E46002004E0325C8D
:10C00000011D0DF80120401C0428F8D300249DF8E0
:10C01000020060400B490C5C9DF8030060400C5C22
:10C02000002006E0011D1DF801106140054A545C26
:10C03000401C0428F6D38DF8084009216846FEF715
:10C04000A7FDFEBDB4D0000810B500EE100A2DED1E
:10C05000028BB1EEC08A18EE100A20F00040C0F149
:10C06000FF40C00F0AD010EE100A20F00040C0F1CF
:10C07000FF40C00F04BF0120F4F762FB18EE100A66
:10C08000BDEC028B10BD01460A69D1E90130986010
:10C09000D1E9010358605068884201D18868506036
:10C0A000002008611068401E106010687047000092
:10C0B000034B0360034B0B60802313607047000049
:10C0C00050030020B403002000F1080141604FF04C
:10C0D000FF31816000F10801C16001610021016050
:10C0E000704700210161704710B502460B685C1C67
:10C0F0000CB9106907E002F1080000E040684468EC
:10C1000024689C42FAD944684C604C68A1608860FD
:10C1100041600A611468641C146010BD42684A6082
:10C1200093688B60936859609160086103685B1C39
:10C130000360704700BF502080F31188BFF34F8F1A
:10C14000BFF36F8F00BF0E480068401C0C490860A9
:10C1500008460068012812D10A480068C0B208B930
:10C16000012000E0002050B900BF502080F311886A
:10C17000BFF34F8FBFF36F8F00BF00BFFEE7704765
:10C18000F402002004ED00E00D48006850B900BF43
:10C19000502080F31188BFF34F8FBFF36F8F00BF24
:10C1A00000BFFEE706480068401E054908600846D3
:10C1B000006820B9002080F3118800BF00BF7047DD
:10C1C000F402002070B506463546002E44D0083DE6
:10C1D0002C46224960680968084008B1012000E047
:10C1E000002050B900BF502080F31188BFF34F8F5B
:10C1F000BFF36F8F00BF00BFFEE7206808B90120C2
:10C2000000E0002050B900BF502080F31188BFF338
:10C210004F8FBFF36F8F00BF00BFFEE70F4960680D
:10C2200009680840C0B12068B0B90C496068096865
:10C230008843606000F0B2F8094960680968084402
:10C24000074908602046FFF7CBFC06480068401C01
:10C250000449086000F0D8FA70BD0000F002002028
:10C26000E0020020EC02002000204FF0E0210861F5
:10C270008861064800684FF47A71B0FBF1F0401E07
:10C280004FF0E021486107200861704710C001208D
:10C2900070B504460025D4B11248006808B90120E1
:10C2A00000E0002050B900BF502080F31188BFF398
:10C2B0004F8FBFF36F8F00BF00BFFEE700F06EF837
:10C2C00000212046FFF7BAFA00F09EFA05463DB974
:10C2D0004FF0805004490860BFF34F8FBFF36F8F5A
:10C2E00070BD00003CC1012004ED00E010B586B037
:10C2F00000200590049003AA04A905A8FFF7D8FE22
:10C300000022DDE904101346CDE9002102901CA1B2
:10C310001D48039A00F076F91C4908600846006839
:10C3200008B1012400E00024012C15D100BF5020E9
:10C3300080F31188BFF34F8FBFF36F8F00BF4FF0B3
:10C34000FF3013490860012012490860002012499B
:10C35000086000F071F810E0601C08B1012000E0F6
:10C36000002050B900BF502080F31188BFF34F8FD9
:10C37000BFF36F8F00BF00BFFEE706B010BD000027
:10C3800049444C45000000009DBA000838C1012016
:10C3900034C1012020C1012018C1012002480068D9
:10C3A000401C0149086070473CC101201D480068DD
:10C3B00018B101201C49086032E000201A490860C9
:10C3C0001A480068B0FA80F0C0F11F0101EB81004B
:10C3D000174A52F8200008B1012000E0002050B9AF
:10C3E00000BF502080F31188BFF34F8FBFF36F8FD2
:10C3F00000BF00BFFEE701EB81020D4B03EB8200A3
:10C4000042685268426000F108024368934202D1D8
:10C410004268526842604268D268064B1A6000BFA8
:10C42000704700003CC1012028C101201CC101202F
:10C43000E817002004C101201CB552480068524989
:10C44000884201D0012000E0002050B900BF5020F8
:10C4500080F31188BFF34F8FBFF36F8F00BF00BF12
:10C46000FEE7484800684849491E884201D001203B
:10C4700000E0002050B900BF502080F31188BFF3C6
:10C480004F8FBFF36F8F00BF00BFFEE73F490846E5
:10C4900000780190FF200A4610700846007800904E
:10C4A0009DF8000000F0F0009DF80020904201D1BE
:10C4B000012000E0002050B900BF502080F3118817
:10C4C000BFF34F8FBFF36F8F00BF00BFFEE79DF834
:10C4D000000000F050002E4A107007202D4A106016
:10C4E00009E02C480068401E2A4A10609DF80000B0
:10C4F0004006000E00909DF8000000F080008028AB
:10C50000EFD024480068C0F10700042801D10120C1
:10C5100000E0002050B900BF502080F31188BFF325
:10C520004F8FBFF36F8F00BF00BFFEE71948006851
:10C530000002184A10601046008800F4E0601060A5
:10C54000124A019810700F482030006840F47000C3
:10C550000C49203108600846006840F070400860CF
:10C56000FFF782FE00200C490860F3F7A5FE0B4898
:10C57000006840F0404009490860F3F789FE002058
:10C580001CBD000000ED00E071C20F4100E400E0BE
:10C59000F8020020FC020020F402002034EF00E04A
:10C5A0002DE9FF4F85B0804689461746DDE912AB7D
:10C5B000B800FFF783FB064656B16420FFF77EFB09
:10C5C00004460CB1266304E03046FFF7FBFD00E0B3
:10C5D00000248CB1002084F86100CDE900ABCDE9E6
:10C5E00002403A4649464046089BFFF76BFA204610
:10C5F000FFF770F9012501E04FF0FF35284609B03B
:10C60000BDE8F08F2DE9F04F85B00746884691468A
:10C610009A46DDE90EB6109C0EB1012000E0002024
:10C6200050B900BF502080F31188BFF34F8FBFF384
:10C630006F8F00BF00BFFEE70CB1012000E00020BB
:10C6400050B900BF502080F31188BFF34F8FBFF364
:10C650006F8F00BF00BFFEE764200390039864283B
:10C6600001D1012000E0002050B900BF502080F32C
:10C670001188BFF34F8FBFF36F8F00BF00BFFEE77E
:10C6800000BFB4B1AEB125462C462E63022085F81A
:10C690006100002004A953464A46CDE900B1CDE926
:10C6A000025041463846FFF70DFA2846FFF712F9C7
:10C6B00001E000200490049805B0BDE8F08F000070
:10C6C0002DE9F0414FF000084448006800287CD173
:10C6D00043480068451C4248056015BB4148006856
:10C6E000006808B9012000E0002050B900BF5020C8
:10C6F00080F31188BFF34F8FBFF36F8F00BF00BF70
:10C70000FEE7384807683848006836490860364808
:10C71000076036480068401C34490860FFF794FA07
:10C7200000BF3348006885423CD300BF2D480068F5
:10C73000006808B9012000E0002020B14FF0FF3070
:10C740002B4908602DE027480068C068C468666807
:10C75000B54202D22648066023E0201DFFF793FC75
:10C76000A06A18B104F11800FFF78DFC94F82C10A2
:10C77000012088401F49096808431E490860E16A92
:10C7800001EB81011C4A02EB8100211DFFF7C6FC71
:10C790001A49E06A0968C96A8842C7D34FF001089C
:10C7A000C4E700BF15480068C06A00EB800012496A
:10C7B00051F82000012801D94FF001081048006805
:10C7C00008B14FF0010805E0FFE70E480068401C83
:10C7D0000C4908604046BDE8F08100003CC10120E2
:10C7E00018C1012008C101200CC101202CC1012069
:10C7F00034C101201CC10120E817002004C1012020
:10C8000028C1012024C1012070B50024002636482B
:10C81000006850B900BF502080F31188BFF34F8FDC
:10C82000BFF36F8F00BF00BFFEE7FFF783FC2E480A
:10C830000068401E2C4908600846006800284FD157
:10C840002A48006800284BD024E02948C068C46802
:10C8500004F11800FFF717FC201DFFF714FC94F8F3
:10C860002C100120884023490968084321490860A9
:10C87000E16A01EB8101204A02EB8100211DFFF7F3
:10C880004DFC1E49E06A0968C96A884202D301204A
:10C890001B4908601648006808B9012000E0002024
:10C8A0000028D2D00CB1FFF7CFF91648056865B162
:10C8B00000BFFFF705FF10B10120114908606D1E90
:10C8C000002DF6D100200F4908600D48006838B1EE
:10C8D000012630070C490860BFF34F8FBFF36F8FFD
:10C8E000FFF752FC304670BD3CC1012014C101204D
:10C8F0009C1800201CC10120E817002004C1012061
:10C9000028C1012024C1012004ED00E021F00042F3
:10C91000A2F16052B2F5801F01F0004328BFD2F1AE
:10C920007F6C0BD95FEA001C43EAC20242EB5070F5
:10C9300018BF704728BF20F001007047B2F5801F74
:10C94000BCBF184670474FEA410C1CF5001F02D2CD
:10C95000084600F0D9BA70B500F00CFA0000008962
:10C96000FFF7F6BF4FF00040A0F5800070470000D1
:10C970002DE9C04130B4DFF8A0C23CEA111418BF61
:10C980003CEA131400F0EC8081EA03051CEA111460
:10C9900044EAD57418BF1CEA131500F0C780A4EB55
:10C9A00005044FF0004545EAC12145EAC32341EAA9
:10C9B000505143EA525304F17F74994204F5003414
:10C9C0004FEAC0204FEAC22208BF904200F09C808C
:10C9D0004FEA13650FF24016765D4FEA134506FBEA
:10C9E00005F7C7F1807706FB07F74FEAD737A7FBB4
:10C9F00003687642C8F58038A7FB06CE38BFA8F199
:10CA0000010807FB08E64FF0000EA6FB028CE6FBD0
:10CA100003CEDCF1000CCEF1004E38BFAEF1010EBA
:10CA2000A6FB0C584FF000074FF00005E6FB0E8701
:10CA3000A1FB08C6A0FB07CE16EB0E0645F10005CC
:10CA4000E1FB076515F1E04E7EBFA4F580345FEA97
:10CA500046066D4116F1800745F100054FEA17279C
:10CA60004FEA066647EA0567A6F1DE46B6F1805F43
:10CA70004FEA15251FD9384624F0010C05EBC47187
:10CA8000BCF1FE6F01EB0C1102D8F0BCBDE80081D7
:10CA900024425CBF01F5801E9EEAC47F02D4F0BC34
:10CAA000BDE80081244238D4F0BCA1F1C041BDE80A
:10CAB000004100F0ADB94FEAD22242EA43524FEAB8
:10CAC000D323A7FB02864FEAD02040EA415007FB60
:10CAD00003661EEA0E0F4FEAD12105FB026658BF1E
:10CAE000A6EB0056B6EB00564FEA520E4EEAC37E56
:10CAF00018EB0E0E56EB530EBDD518EB02085E4137
:10CB00007F1C55F10005B6E74FF480154FF0000784
:10CB10004FF000064FF00008ADE7F0BC4FF000000A
:10CB200001F1C04101F00041BDE8008111EA0C1F94
:10CB30000CEA131500D00CE013EA0C1F00F025805E
:10CB40004FF00000F0BC81EA030101F00041BDE8B4
:10CB50000081F0BCBDE8004181EA030100F058B952
:10CB6000F0BCBDE8004170B500F004F9097EFC3E60
:10CB700000F007B881EA03014FF0000001F0004126
:10CB8000704781EA030100F043B9F0BCBDE8004101
:10CB90004FF0000021497047FFFDFBF9F7F5F4F273
:10CBA000F0EEEDEBE9E8E6E4E3E1E0DEDDDBDAD848
:10CBB000D7D5D4D3D1D0CFCDCCCBCAC8C7C6C5C4A6
:10CBC000C2C1C0BFBEBDBCBBBAB9B8B7B6B5B4B3BD
:10CBD000B2B1B0AFAEADACABAAA9A8A8A7A6A5A4A8
:10CBE000A3A3A2A1A09F9F9E9D9C9C9B9A9999986C
:10CBF0009797969595949393929191908F8F8E8E0F
:10CC00008D8C8C8B8B8A898988888787868585849B
:10CC100084838382828181800000FF070000F87F87
:10CC2000DFF848C170B51CEA111E1EBF1CEA1315BF
:10CC30009EEA0C0F95EA0C0F00F06F8081EA030466
:10CC400023EA4C134EEAD47E21EA4C1141F48011C0
:10CC500043F48013AE44A1FB024CA0FB0365AEF18C
:10CC60007F7E361955EB0C05A1FB034C4CF10003FC
:10CC7000A0FB021C16EB0C06654153F100030942B0
:10CC800018BF46F0010613F4007F0BD14FEA0331C1
:10CC90004FEA0530340341EA155140EA16506FF06F
:10CCA00003020AE04FEAC3214FEAC520F40241EA39
:10CCB000555140EA56506FF0020202EB2E4201EB52
:10CCC000025585EACE710AD05FEA440C18BF24F001
:10CCD000004450F1000041F1000120EAD47040F21C
:10CCE000FE7C624500D270BDA84214BF4FF0804464
:10CCF0004FF04044002E08BF0024BEF1806FA8BF53
:10CD0000A1F1C041BDE8704080F282804FF0000088
:10CD100001F1C04101F0004170479EEA0C0F0CEA9E
:10CD2000131518BF95EA0C0F06D04FF0000081EAEA
:10CD3000030E0EF0004170BD00F01CF88900013EAA
:10CD400000F007B800F009B84FEA430C5FEA5C5CFA
:10CD500008D081EA030100F05BB84FEA410C5FEABA
:10CD60005C5CF6D14FF00000014970470000FF07FE
:10CD70000000F87F0EF1020E2EF0030E5EF8046B39
:10CD8000364205D4012A43EB030515F5001F12D8DE
:10CD9000012841EB010C1CF5001F0CD80ED14FEA05
:10CDA000D17C15F5001F0CEB4C0C0CF1020C08BFEC
:10CDB0004CEBD37C04E04FF0080C01E04FEAD37C4D
:10CDC0000CEB4C0526FA05F606F00706B6F1040C46
:10CDD00006D20EEB860CBDE870404CF0010C6047AB
:10CDE000DFE80CF0090B02024FF000414FF00000A9
:10CDF000A1F5002170BD19461046012851EB010430
:10CE000018BFD4F5001484BF002001F0004170BDAC
:10CE10000808A0F500114FEA3101704743004FEABE
:10CE2000D30C4FEA3C0C43401FBF40070CF160514C
:10CE300013F0FE4F70471CF0006F03D100200CF080
:10CE4000004170470CF0004343EA507010B540EACF
:10CE5000CC0000F00EF800BF000000924FEA000185
:10CE6000FFF7D6BF4FF000414FF00000A1F50021C1
:10CE700070470EF1020E2EF0030E5EF8044B2442B2
:10CE800004D44FEA4102B2F17F4F11D84FEA400378
:10CE9000B3F17F4F0CD80ED14FEAD07CB2F17F4F67
:10CEA0000CEB4C0C0CF1020C08BF4CEBD17C04E0F9
:10CEB0004FF0080C01E04FEAD17C0CEB4C0324FA54
:10CEC00003F404F00704B4F1040C06D20EEB840C56
:10CED000BDE810404CF0010C6047DFE80CF007089B
:10CEE00002024FF00040A0F5800010BD084642004D
:10CEF00018BFD2F1807288BF00F0004010BD4FF023
:10CF00004070E1EE100A7047FF2141EAD050C005A1
:10CF10007047000028D400080166000801000000E6
:10CF200000000000000200000000000000000000FF
:10CF30001CD40008F91700080100000000000000E0
:10CF40000002000000000000000000000CD40008F7
:10CF5000F1AB00080100000000000000000200002A
:10CF6000000000000000000014D4000805100008B4
:10CF700001000000000000000002000000000000AE
:10CF80000000000000061016000610160000000049
:10CF90000000000001020304060708090000000069
:10CFA00001020304020000009D1A000800000000B6
:10CFB0000A00000031770008000000000000803FF8
:10CFC0000000000000000000000000000000803FA2
:10CFD0000000000000000000000000000000803F92
:10CFE00000000000000000000000803F00007A44C4
:10CFF0000000A041000000000000FA440000000012
:10D000000100000000009643000000000000000046
:10D010000000000000000000000000000000000010
:10D02000C3F51C410000803F00000000000000002C
:10D0300000000000000000000000000000000000F0
:10D040000000803F00000000000000000000000021
:10D050000000000000000000000000000000803F11
:10D0600000000000000000000000000000000000C0
:10D0700000000000000000000000803F00000000F1
:10D0800000000000000000000000000000000000A0
:10D09000000000000000803F0000000000000000D1
:10D0A0000000000000000000000000000000000080
:10D0B0000000803F00316253C4F5A697B988DBEACF
:10D0C0007D4C1F2E4372211087B6E5D4FACB98A968
:10D0D0003E0F5C6D86B7E4D5427320113F0E5D6C48
:10D0E000FBCA99A8C5F4A796013063527C4D1E2F48
:10D0F000B889DAEB3D0C5F6EF9C89BAA84B5E6D718
:10D10000407122137E4F1C2DBA8BD8E9C7F6A59427
:10D1100003326150BB8AD9E87F4E1D2C0233605127
:10D12000C6F7A495F8C99AAB3C0D5E6F4170231207
:10D1300085B4E7D67A4B1829BE8FDCEDC3F2A190F7
:10D140000736655439085B6AFDCC9FAE80B1E2D3E7
:10D1500044752617FCCD9EAF38095A6B45742716C7
:10D1600081B0E3D2BF8EDDEC7B4A192806376455C7
:10D17000C2F3A0914776251483B2E1D0FECF9CADD7
:10D180003A0B586904356657C0F1A293BD8CDFEEA7
:10D1900079481B2AC1F0A3920534675678491A2BA7
:10D1A000BC8DDEEF82B3E0D1467724153B0A596887
:10D1B000FFCE9DACC33D7F2B02000000A1210008E3
:10D1C0000000000000000000CC060020000000006D
:10D1D000012903000000CA0832000000000000001E
:10D1E000000000000000000000000000000000003F
:10D1F000000000000000000000000000000000002F
:10D20000000000000000000000000000000000001E
:10D210000000000000000000CDCC4C3E52491D3AF9
:10D220000000000000606A460000000001000000ED
:10D2300000401C460000000000000000000000004C
:10D2400000000000000040400AD7A33B6F12833B60
:10D2500000606A46000000004900000000401C46D3
:10D2600000000000000000000000000000000000BE
:10D27000000040400000C03FCDCCCC3D00401C47EA
:10D2800000000000C9969C0000606A470000000092
:10D2900000000000000000000AD7233C000000004E
:10D2A000000000000000000000000000000000007E
:10D2B000000000000000000000000000000000006E
:10D2C000000000000000000000000000000000005E
:10D2D00040004900000000000B00000003000000B7
:10D2E000E4C1012001000000000000000000000077
:10D2F000000000000000000000000000000000002E
:10D30000000000000000000000000000000000001D
:10D31000000000000000000000000000000000000D
:10D3200000000000000000000000000000000000FD
:10D330000000003F0AD7233C000000000050434794
:10D34000000000000100000000401C46000000003A
:10D35000000000000000000000000000000080400D
:10D36000CDCCCC3C0AD7A33C00606A46000000004C
:10D370004900000000401C460000000000000000C2
:10D380000000000000000000000020410000003FFD
:10D39000CDCCCC3D0050434700000000C9969C0016
:10D3A00000504347000000000000000000000000A3
:10D3B0000AD7233C0000000000000000000000002D
:10D3C000000000000000000000000000000000005D
:10D3D000000000000000000000000000000000004D
:10D3E00000000000000000004000490000000000B4
:10D3F0000B00000002000000E4C101200200000058
:10D40000000000000000000000000000557362549E
:10D4100061736B0041726D5461736B00436861739B
:10D420007369735461736B00496D755461736B005C
:10D4300000000000920E493CB10AC93C2BC3163DC6
:10D440002EFB483D752B7B3D04A9963D80B6AF3D34
:10D4500036BDC83D2FBCE13D73B2FA3D87CF093ED2
:10D460008340163EB5AB223EA2102F3ECF6E3B3E10
:10D47000C2C5473E0115543E135C603E7F9A6C3E28
:10D48000CCCF783EC07D823E938E883E229A8E3EDF
:10D4900032A0943E86A09A3EE59AA03E128FA63E08
:10D4A000D47CAC3EEF63B23E2A44B83E491DBE3E3A
:10D4B00015EFC33E53B9C93ECA7BCF3E4136D53E78
:10D4C00080E8DA3E4F92E03E7533E63EBBCBEB3E62
:10D4D000EA5AF13ECBE0F63E275DFC3EE4E7003F32
:10D4E0003D9C033F824B063F9BF5083F6B9A0B3FE9
:10D4F000DA390E3FCDD3103F2A68133FD9F6153FD6
:10D50000C07F183FC6021B3FD17F1D3FCBF61F3F98
:10D510009967223F25D2243F5636273F1594293F4D
:10D520004AEB2B3FDE3B2E3FBB85303FC9C8323F25
:10D53000F304353F233A373F4268393F3B8F3B3F47
:10D54000F9AE3D3F67C73F3F70D8413F01E2433FDF
:10D5500003E4453F65DE473F12D1493FF8BB4B3FEF
:10D56000029F4D3F207A4F3F3D4D513F4918533F59
:10D5700031DB543FE595563F5348583F6AF2593FD7
:10D580001A945B3F532D5D3F05BE5E3F2146603FD1
:10D5900097C5613F5A3C633F59AA643F880F663F75
:10D5A000D86B673F3CBF683FA7096A3F0C4B6B3F96
:10D5B0005E836C3F93B26D3F9ED86E3F73F56F3FB5
:10D5C0000809713F5213723F4714733FDD0B743FDC
:10D5D0000BFA743FC6DE753F07BA763FC58B773FBF
:10D5E000F853783F9812793F9DC7793F02737A3F8D
:10D5F000BE147B3FCDAC7B3F283B7C3FC9BF7C3F0B
:10D60000AC3A7D3FCCAB7D3F23137E3FB0707E3F75
:10D610006DC47E3F580E7F3F6D4E7F3FAB847F3F92
:10D620000FB17F3F97D37F3F43EC7F3F11FB7F3F9D
:10D630000000803F11FB7F3F43EC7F3F97D37F3F4C
:10D640000FB17F3FAB847F3F6D4E7F3F580E7F3FD2
:10D650006DC47E3FB0707E3F23137E3FCCAB7D3FD9
:10D66000AC3A7D3FC9BF7C3F283B7C3FCDAC7B3F84
:10D67000BE147B3F02737A3F9DC7793F9812793F72
:10D68000F853783FC58B773F07BA763FC6DE753FC4
:10D690000BFA743FDD0B743F4714733F5213723F14
:10D6A0000809713F73F56F3F9ED86E3F93B26D3F8F
:10D6B0005E836C3F0C4B6B3FA7096A3F3CBF683FE2
:10D6C000D86B673F880F663F59AA643F5A3C633F57
:10D6D00097C5613F2146603F05BE5E3F532D5D3FCC
:10D6E0001A945B3F6AF2593F5348583FE595563FBD
:10D6F00031DB543F4918533F3D4D513F207A4F3F56
:10D70000029F4D3FF8BB4B3F12D1493F65DE473F7B
:10D7100003E4453F01E2433F70D8413F67C73F3FC5
:10D72000F9AE3D3F3B8F3B3F4268393F233A373F9D
:10D73000F304353FC9C8323FBB85303FDE3B2E3F47
:10D740004AEB2B3F1594293F5636273F25D2243FDD
:10D750009967223FCBF61F3FD17F1D3FC6021B3F7B
:10D76000C07F183FD9F6153F2A68133FCDD3103F2D
:10D77000DA390E3F6B9A0B3F9BF5083F824B063F11
:10D780003D9C033FE4E7003F275DFC3ECBE0F63ED7
:10D79000EA5AF13EBBCBEB3E7533E63E4F92E03E9C
:10D7A00080E8DA3E4136D53ECA7BCF3E53B9C93E0A
:10D7B00015EFC33E491DBE3E2A44B83EEF63B23E5C
:10D7C000D47CAC3E128FA63EE59AA03E86A09A3E3F
:10D7D00032A0943E229A8E3E938E883EC07D823E39
:10D7E000CCCF783E7F9A6C3E135C603E0115543E70
:10D7F000C2C5473ECF6E3B3EA2102F3EB5AB223E88
:10D800008340163E87CF093E73B2FA3D2FBCE13DFF
:10D8100036BDC83D80B6AF3D04A9963D752B7B3D16
:10D820002EFB483D2BC3163DB10AC93C920E493C24
:10D8300000000000920E49BCB10AC9BC2BC316BD42
:10D840002EFB48BD752B7BBD04A996BD80B6AFBD30
:10D8500036BDC8BD2FBCE1BD73B2FABD87CF09BECE
:10D86000834016BEB5AB22BEA2102FBECF6E3BBE0C
:10D87000C2C547BE011554BE135C60BE7F9A6CBE24
:10D88000CCCF78BEC07D82BE938E88BE229A8EBEDB
:10D8900032A094BE86A09ABEE59AA0BE128FA6BE04
:10D8A000D47CACBEEF63B2BE2A44B8BE491DBEBE36
:10D8B00015EFC3BE53B9C9BECA7BCFBE4136D5BE74
:10D8C00080E8DABE4F92E0BE7533E6BEBBCBEBBE5E
:10D8D000EA5AF1BECBE0F6BE275DFCBEE4E700BF2E
:10D8E0003D9C03BF824B06BF9BF508BF6B9A0BBFE5
:10D8F000DA390EBFCDD310BF2A6813BFD9F615BFD2
:10D90000C07F18BFC6021BBFD17F1DBFCBF61FBF94
:10D91000996722BF25D224BF563627BF159429BF49
:10D920004AEB2BBFDE3B2EBFBB8530BFC9C832BF21
:10D93000F30435BF233A37BF426839BF3B8F3BBF43
:10D94000F9AE3DBF67C73FBF70D841BF01E243BFDB
:10D9500003E445BF65DE47BF12D149BFF8BB4BBFEB
:10D96000029F4DBF207A4FBF3D4D51BF491853BF55
:10D9700031DB54BFE59556BF534858BF6AF259BFD3
:10D980001A945BBF532D5DBF05BE5EBF214660BFCD
:10D9900097C561BF5A3C63BF59AA64BF880F66BF71
:10D9A000D86B67BF3CBF68BFA7096ABF0C4B6BBF92
:10D9B0005E836CBF93B26DBF9ED86EBF73F56FBFB1
:10D9C000080971BF521372BF471473BFDD0B74BFD8
:10D9D0000BFA74BFC6DE75BF07BA76BFC58B77BFBB
:10D9E000F85378BF981279BF9DC779BF02737ABF89
:10D9F000BE147BBFCDAC7BBF283B7CBFC9BF7CBF07
:10DA0000AC3A7DBFCCAB7DBF23137EBFB0707EBF71
:10DA10006DC47EBF580E7FBF6D4E7FBFAB847FBF8E
:10DA20000FB17FBF97D37FBF43EC7FBF11FB7FBF99
:10DA3000000080BF11FB7FBF43EC7FBF97D37FBF48
:10DA40000FB17FBFAB847FBF6D4E7FBF580E7FBFCE
:10DA50006DC47EBFB0707EBF23137EBFCCAB7DBFD5
:10DA6000AC3A7DBFC9BF7CBF283B7CBFCDAC7BBF80
:10DA7000BE147BBF02737ABF9DC779BF981279BF6E
:10DA8000F85378BFC58B77BF07BA76BFC6DE75BFC0
:10DA90000BFA74BFDD0B74BF471473BF521372BF10
:10DAA000080971BF73F56FBF9ED86EBF93B26DBF8B
:10DAB0005E836CBF0C4B6BBFA7096ABF3CBF68BFDE
:10DAC000D86B67BF880F66BF59AA64BF5A3C63BF53
:10DAD00097C561BF214660BF05BE5EBF532D5DBFC8
:10DAE0001A945BBF6AF259BF534858BFE59556BFB9
:10DAF00031DB54BF491853BF3D4D51BF207A4FBF52
:10DB0000029F4DBFF8BB4BBF12D149BF65DE47BF77
:10DB100003E445BF01E243BF70D841BF67C73FBFC1
:10DB2000F9AE3DBF3B8F3BBF426839BF233A37BF99
:10DB3000F30435BFC9C832BFBB8530BFDE3B2EBF43
:10DB40004AEB2BBF159429BF563627BF25D224BFD9
:10DB5000996722BFCBF61FBFD17F1DBFC6021BBF77
:10DB6000C07F18BFD9F615BF2A6813BFCDD310BF29
:10DB7000DA390EBF6B9A0BBF9BF508BF824B06BF0D
:10DB80003D9C03BFE4E700BF275DFCBECBE0F6BED3
:10DB9000EA5AF1BEBBCBEBBE7533E6BE4F92E0BE98
:10DBA00080E8DABE4136D5BECA7BCFBE53B9C9BE06
:10DBB00015EFC3BE491DBEBE2A44B8BEEF63B2BE58
:10DBC000D47CACBE128FA6BEE59AA0BE86A09ABE3B
:10DBD00032A094BE229A8EBE938E88BEC07D82BE35
:10DBE000CCCF78BE7F9A6CBE135C60BE011554BE6C
:10DBF000C2C547BECF6E3BBEA2102FBEB5AB22BE84
:10DC0000834016BE87CF09BE73B2FABD2FBCE1BDFB
:10DC100036BDC8BD80B6AFBD04A996BD752B7BBD12
:10DC20002EFB48BD2BC316BDB10AC9BC920E49BC20
:10DC30000000008074DC0008000000205003000099
:10DC4000C40100081CDD000800C00120E401000040
:10DC5000C40100081CDD000850030020887F01007B
:10DC600020020008A8DD0008E4C10120F80000003F
:10DC700020020008011DE7E4C10120FF01022C0879
:10DC80002941110A3D02410A3AFF410B3D0CC2C332
:10DC90002941093BC33982093A419180093333EB69
:10DCA0003A58A08B3A29D7157D04017C100F024009
:10DCB000AB034101055308065804070F16081081ED
:10DCC0000911160A15800B16450C18010DF3701773
:10DCD00008081250C347CDCCCC3D0409531C110B8E
:10DCE0001AC8421C016C1AAA018113FD8A14084546
:10DCF0008B1B0855041A81041AC1041AC9141A0D81
:10DD0000081312011402020216408304405726022F
:10DD100001020301071A040309041A0381321042A5
:10DD2000013324F4026B0E03BC2042136D171B0851
:10DD300069041A25041A91041AB50441130A06321B
:10DD40000233400113B1851408AD834C08FB871CD6
:10DD50001381841408A5821B086314C11A25281A8C
:10DD6000E11C1A6D081AD108140902431302012597
:10DD7000C03209041B01020B1305241610010524EF
:10DD80000110090104240202052406170107058277
:10DD90000308151009040133020A2E070501024089
:08DDA000072A8107248101829A
:040000050800018965
:00000001FF
